{
  "directed": true,
  "multigraph": false,
  "graph": {
    "dbn": {
      "all_chains": {
        "num_nts": 37,
        "num_chars": 38,
        "bseq": "GGGAAGGGAAGAAACUGCGGCUUCGGCCGGCUUCCC&a",
        "bseqUP": "GGGAAGGGAAGAAACUGCGGCUUCGGCCGGCUUCCC&A",
        "sstr": "((((((...........((((....)))).))))))&.",
        "form": ".AAA.............AAA...Z.AAA..AAAA.-&-"
      },
      "single_chains": {
        "m1_chain_A": {
          "num_nts": 37,
          "num_chars": 38,
          "bseq": "GGGAAGGGAAGAAACUGCGGCUUCGGCCGGCUUCCC&a",
          "bseqUP": "GGGAAGGGAAGAAACUGCGGCUUCGGCCGGCUUCCC&A",
          "sstr": "((((((...........((((....)))).))))))&.",
          "form": ".AAA.............AAA...Z.AAA..AAAA.-&-"
        }
      }
    },
    "resolution_low": null,
    "resolution_high": null
  },
  "nodes": [
    {
      "index": 1,
      "index_chain": 1,
      "chain_name": "A",
      "nt_resnum": 1,
      "nt_name": "G",
      "nt_code": "G",
      "nt_id": "A.G1",
      "nt_type": "RNA",
      "dbn": "(",
      "summary": "anti,~C3'-endo,BI,canonical,non-pair-contact,helix-end,stem-end",
      "alpha": null,
      "beta": null,
      "gamma": 50.489,
      "delta": 86.56,
      "epsilon": -154.807,
      "zeta": -70.476,
      "epsilon_zeta": -84.331,
      "bb_type": "BI",
      "chi": -120.837,
      "glyco_bond": "anti",
      "C5prime_xyz": [
        -1.365,
        8.481,
        -1.609
      ],
      "P_xyz": [
        null,
        null,
        null
      ],
      "form": ".",
      "ssZp": 2.773,
      "Dp": 4.569,
      "splay_angle": 22.86,
      "splay_distance": 3.75,
      "splay_ratio": 0.199,
      "eta": null,
      "theta": null,
      "eta_prime": null,
      "theta_prime": null,
      "eta_base": null,
      "theta_base": null,
      "v0": 6.05,
      "v1": -25.2,
      "v2": 34.17,
      "v3": -30.968,
      "v4": 15.509,
      "amplitude": 34.526,
      "phase_angle": 8.239,
      "puckering": "C3'-endo",
      "sugar_class": "~C3'-endo",
      "bin": "inc",
      "cluster": "__",
      "suiteness": 0.0,
      "filter_rmsd": 0.028,
      "frame": {
        "rmsd": 0.028,
        "origin": [
          19.391,
          -7.093,
          9.055
        ],
        "x_axis": [
          -0.175,
          -0.068,
          -0.982
        ],
        "y_axis": [
          -0.981,
          -0.076,
          0.18
        ],
        "z_axis": [
          -0.087,
          0.995,
          -0.054
        ],
        "quaternion": [
          0.417,
          -0.489,
          0.537,
          0.547
        ]
      },
      "sse": {
        "sse": null
      },
      "binding_protein": null,
      "binding_ion": null,
      "binding_small-molecule": null,
      "TotalAsa": 247.33314827876075,
      "PolarAsa": 155.2971252533265,
      "ApolarAsa": 92.0360230254342,
      "id": "1raw.A.1"
    },
    {
      "index": 10,
      "index_chain": 10,
      "chain_name": "A",
      "nt_resnum": 10,
      "nt_name": "A",
      "nt_code": "A",
      "nt_id": "A.A10",
      "nt_type": "RNA",
      "dbn": ".",
      "summary": "u-turn,anti,~C3'-endo,BI,non-canonical,non-pair-contact,internal-loop",
      "alpha": 123.039,
      "beta": -152.794,
      "gamma": -177.319,
      "delta": 91.771,
      "epsilon": -156.591,
      "zeta": -85.094,
      "epsilon_zeta": -71.497,
      "bb_type": "BI",
      "chi": -148.513,
      "glyco_bond": "anti",
      "C5prime_xyz": [
        -1.296,
        8.66,
        -0.015
      ],
      "P_xyz": [
        -0.257,
        9.943,
        -2.118
      ],
      "form": ".",
      "ssZp": 4.231,
      "Dp": 4.594,
      "splay_angle": 44.509,
      "splay_distance": 7.597,
      "splay_ratio": 0.387,
      "eta": 157.264,
      "theta": -139.171,
      "eta_prime": -175.067,
      "theta_prime": -143.166,
      "eta_base": -132.175,
      "theta_base": -127.559,
      "v0": 5.641,
      "v1": -22.841,
      "v2": 30.72,
      "v3": -27.28,
      "v4": 13.695,
      "amplitude": 30.987,
      "phase_angle": 7.527,
      "puckering": "C3'-endo",
      "sugar_class": "~C3'-endo",
      "bin": "33t",
      "cluster": "1c",
      "suiteness": 0.18,
      "filter_rmsd": 0.051,
      "frame": {
        "rmsd": 0.041,
        "origin": [
          -1.551,
          -0.869,
          -4.835
        ],
        "x_axis": [
          0.626,
          -0.282,
          -0.727
        ],
        "y_axis": [
          0.683,
          0.648,
          0.336
        ],
        "z_axis": [
          0.377,
          -0.707,
          0.599
        ],
        "quaternion": [
          0.847,
          0.308,
          0.326,
          -0.285
        ]
      },
      "sse": {
        "sse": null
      },
      "binding_protein": null,
      "binding_ion": null,
      "binding_small-molecule": "",
      "TotalAsa": 122.14056858574585,
      "PolarAsa": 107.37458285197448,
      "ApolarAsa": 14.765985733771387,
      "id": "1raw.A.10"
    },
    {
      "index": 11,
      "index_chain": 11,
      "chain_name": "A",
      "nt_resnum": 11,
      "nt_name": "G",
      "nt_code": "G",
      "nt_id": "A.G11",
      "nt_type": "RNA",
      "dbn": ".",
      "summary": "turn,u-turn,anti,~C3'-endo,non-canonical,non-pair-contact,helix,internal-loop,phosphate",
      "alpha": 84.71,
      "beta": 136.63,
      "gamma": -54.971,
      "delta": 88.9,
      "epsilon": -179.428,
      "zeta": 174.974,
      "epsilon_zeta": 5.598,
      "bb_type": "--",
      "chi": -121.008,
      "glyco_bond": "anti",
      "C5prime_xyz": [
        -1.507,
        8.524,
        -1.64
      ],
      "P_xyz": [
        -0.009,
        10.611,
        -0.982
      ],
      "form": ".",
      "ssZp": 2.853,
      "Dp": 4.197,
      "splay_angle": 58.83,
      "splay_distance": 8.588,
      "splay_ratio": 0.515,
      "eta": -178.56,
      "theta": 94.761,
      "eta_prime": -164.78,
      "theta_prime": 93.044,
      "eta_base": -142.32,
      "theta_base": 60.146,
      "v0": -0.003,
      "v1": -19.68,
      "v2": 30.641,
      "v3": -31.358,
      "v4": 19.668,
      "amplitude": 32.29,
      "phase_angle": 18.388,
      "puckering": "C3'-endo",
      "sugar_class": "~C3'-endo",
      "bin": "33m",
      "cluster": "!!",
      "suiteness": 0.0,
      "filter_rmsd": 0.027,
      "frame": {
        "rmsd": 0.027,
        "origin": [
          2.944,
          -6.962,
          -4.218
        ],
        "x_axis": [
          0.653,
          0.396,
          -0.646
        ],
        "y_axis": [
          0.147,
          0.771,
          0.62
        ],
        "z_axis": [
          0.743,
          -0.499,
          0.445
        ],
        "quaternion": [
          0.847,
          0.33,
          0.41,
          0.074
        ]
      },
      "sse": {
        "sse": null
      },
      "binding_protein": null,
      "binding_ion": null,
      "binding_small-molecule": "",
      "TotalAsa": 113.52123515689264,
      "PolarAsa": 103.13771890040137,
      "ApolarAsa": 10.383516256491262,
      "id": "1raw.A.11"
    },
    {
      "index": 12,
      "index_chain": 12,
      "chain_name": "A",
      "nt_resnum": 12,
      "nt_name": "A",
      "nt_code": "A",
      "nt_id": "A.A12",
      "nt_type": "RNA",
      "dbn": ".",
      "summary": "anti,~C2'-endo,non-pair-contact,internal-loop,phosphate",
      "alpha": 89.474,
      "beta": -127.617,
      "gamma": 178.652,
      "delta": 149.085,
      "epsilon": -155.864,
      "zeta": -161.234,
      "epsilon_zeta": 5.37,
      "bb_type": "--",
      "chi": -69.728,
      "glyco_bond": "anti",
      "C5prime_xyz": [
        -2.218,
        6.77,
        -3.037
      ],
      "P_xyz": [
        -1.073,
        4.949,
        -4.617
      ],
      "form": ".",
      "ssZp": 0.613,
      "Dp": 2.152,
      "splay_angle": 53.442,
      "splay_distance": 8.899,
      "splay_ratio": 0.452,
      "eta": 131.832,
      "theta": -174.039,
      "eta_prime": 162.459,
      "theta_prime": 108.254,
      "eta_base": 146.223,
      "theta_base": 75.377,
      "v0": -2.835,
      "v1": 21.461,
      "v2": -30.844,
      "v3": 29.861,
      "v4": -16.898,
      "amplitude": 31.696,
      "phase_angle": 193.313,
      "puckering": "C3'-exo",
      "sugar_class": "~C2'-endo",
      "bin": "32t",
      "cluster": "!!",
      "suiteness": 0.0,
      "filter_rmsd": 0.043,
      "frame": {
        "rmsd": 0.028,
        "origin": [
          -1.402,
          -1.863,
          1.154
        ],
        "x_axis": [
          -0.01,
          -0.87,
          -0.493
        ],
        "y_axis": [
          0.33,
          -0.469,
          0.819
        ],
        "z_axis": [
          -0.944,
          -0.154,
          0.292
        ],
        "quaternion": [
          -0.451,
          -0.54,
          0.25,
          0.665
        ]
      },
      "sse": {
        "sse": null
      },
      "binding_protein": null,
      "binding_ion": null,
      "binding_small-molecule": "",
      "TotalAsa": 105.30683138209803,
      "PolarAsa": 56.89510107796371,
      "ApolarAsa": 48.4117303041343,
      "id": "1raw.A.12"
    },
    {
      "index": 13,
      "index_chain": 13,
      "chain_name": "A",
      "nt_resnum": 13,
      "nt_name": "A",
      "nt_code": "A",
      "nt_id": "A.A13",
      "nt_type": "RNA",
      "dbn": ".",
      "summary": "anti,~C3'-endo,non-pair-contact,internal-loop,phosphate",
      "alpha": 47.926,
      "beta": -143.371,
      "gamma": 172.816,
      "delta": 93.496,
      "epsilon": 170.592,
      "zeta": 19.53,
      "epsilon_zeta": 151.062,
      "bb_type": "--",
      "chi": -146.068,
      "glyco_bond": "anti",
      "C5prime_xyz": [
        -1.168,
        8.579,
        -0.062
      ],
      "P_xyz": [
        0.53,
        9.16,
        -2.008
      ],
      "form": ".",
      "ssZp": 3.784,
      "Dp": 4.142,
      "splay_angle": 20.935,
      "splay_distance": 3.792,
      "splay_ratio": 0.193,
      "eta": 88.383,
      "theta": -124.159,
      "eta_prime": 86.472,
      "theta_prime": -158.791,
      "eta_base": 84.907,
      "theta_base": -168.682,
      "v0": 10.23,
      "v1": -25.817,
      "v2": 30.731,
      "v3": -25.227,
      "v4": 9.397,
      "amplitude": 30.735,
      "phase_angle": 359.138,
      "puckering": "C2'-exo",
      "sugar_class": "~C3'-endo",
      "bin": "23t",
      "cluster": "4n",
      "suiteness": 0.087,
      "filter_rmsd": 0.041,
      "frame": {
        "rmsd": 0.029,
        "origin": [
          2.351,
          5.034,
          5.342
        ],
        "x_axis": [
          0.32,
          -0.666,
          -0.674
        ],
        "y_axis": [
          -0.348,
          -0.744,
          0.57
        ],
        "z_axis": [
          -0.881,
          0.052,
          -0.47
        ],
        "quaternion": [
          0.163,
          0.796,
          -0.318,
          -0.489
        ]
      },
      "sse": {
        "sse": null
      },
      "binding_protein": null,
      "binding_ion": null,
      "binding_small-molecule": null,
      "TotalAsa": 241.454990533777,
      "PolarAsa": 159.6387663130724,
      "ApolarAsa": 81.81622422070457,
      "id": "1raw.A.13"
    },
    {
      "index": 14,
      "index_chain": 14,
      "chain_name": "A",
      "nt_resnum": 14,
      "nt_name": "A",
      "nt_code": "A",
      "nt_id": "A.A14",
      "nt_type": "RNA",
      "dbn": ".",
      "summary": "anti,~C3'-endo,non-pair-contact,internal-loop,phosphate",
      "alpha": -155.319,
      "beta": 64.624,
      "gamma": 170.376,
      "delta": 93.406,
      "epsilon": -81.418,
      "zeta": -28.52,
      "epsilon_zeta": -52.897,
      "bb_type": "--",
      "chi": -179.26,
      "glyco_bond": "anti",
      "C5prime_xyz": [
        -1.375,
        8.164,
        1.808
      ],
      "P_xyz": [
        -1.666,
        10.339,
        0.296
      ],
      "form": ".",
      "ssZp": 4.322,
      "Dp": 4.559,
      "splay_angle": 22.914,
      "splay_distance": 4.225,
      "splay_ratio": 0.21,
      "eta": 171.592,
      "theta": -146.15,
      "eta_prime": 171.353,
      "theta_prime": -147.483,
      "eta_base": 175.955,
      "theta_base": -128.458,
      "v0": 10.292,
      "v1": -25.967,
      "v2": 30.9,
      "v3": -25.401,
      "v4": 9.413,
      "amplitude": 30.904,
      "phase_angle": 359.129,
      "puckering": "C2'-exo",
      "sugar_class": "~C3'-endo",
      "bin": "trig",
      "cluster": "!!",
      "suiteness": 0.0,
      "filter_rmsd": 0.041,
      "frame": {
        "rmsd": 0.026,
        "origin": [
          0.599,
          7.64,
          3.217
        ],
        "x_axis": [
          0.392,
          -0.761,
          -0.516
        ],
        "y_axis": [
          -0.435,
          -0.648,
          0.625
        ],
        "z_axis": [
          -0.811,
          -0.021,
          -0.585
        ],
        "quaternion": [
          0.199,
          0.81,
          -0.369,
          -0.41
        ]
      },
      "sse": {
        "sse": null
      },
      "binding_protein": null,
      "binding_ion": null,
      "binding_small-molecule": null,
      "TotalAsa": 201.59751647379863,
      "PolarAsa": 151.610093797906,
      "ApolarAsa": 49.98742267589268,
      "id": "1raw.A.14"
    },
    {
      "index": 15,
      "index_chain": 15,
      "chain_name": "A",
      "nt_resnum": 15,
      "nt_name": "C",
      "nt_code": "C",
      "nt_id": "A.C15",
      "nt_type": "RNA",
      "dbn": ".",
      "summary": "anti,~C3'-endo,non-pair-contact,internal-loop",
      "alpha": -95.708,
      "beta": 60.459,
      "gamma": 174.523,
      "delta": 84.08,
      "epsilon": -173.842,
      "zeta": 8.166,
      "epsilon_zeta": 177.992,
      "bb_type": "--",
      "chi": 169.969,
      "glyco_bond": "anti",
      "C5prime_xyz": [
        -2.144,
        8.262,
        2.245
      ],
      "P_xyz": [
        -2.663,
        10.403,
        0.76
      ],
      "form": ".",
      "ssZp": 3.862,
      "Dp": 4.266,
      "splay_angle": 44.829,
      "splay_distance": 7.109,
      "splay_ratio": 0.395,
      "eta": 179.967,
      "theta": -151.32,
      "eta_prime": -176.179,
      "theta_prime": -124.02,
      "eta_base": -143.009,
      "theta_base": -50.484,
      "v0": -3.111,
      "v1": -17.695,
      "v2": 30.872,
      "v3": -33.328,
      "v4": 22.634,
      "amplitude": 33.672,
      "phase_angle": 23.533,
      "puckering": "C3'-endo",
      "sugar_class": "~C3'-endo",
      "bin": "33t",
      "cluster": "!!",
      "suiteness": 0.0,
      "filter_rmsd": 0.064,
      "frame": {
        "rmsd": 0.008,
        "origin": [
          -0.621,
          7.043,
          -0.784
        ],
        "x_axis": [
          0.514,
          -0.857,
          -0.039
        ],
        "y_axis": [
          -0.489,
          -0.33,
          0.808
        ],
        "z_axis": [
          -0.705,
          -0.396,
          -0.588
        ],
        "quaternion": [
          0.386,
          0.78,
          -0.431,
          -0.239
        ]
      },
      "sse": {
        "sse": null
      },
      "binding_protein": null,
      "binding_ion": null,
      "binding_small-molecule": null,
      "TotalAsa": 153.32033813056012,
      "PolarAsa": 129.49761157055323,
      "ApolarAsa": 23.822726560006878,
      "id": "1raw.A.15"
    },
    {
      "index": 16,
      "index_chain": 16,
      "chain_name": "A",
      "nt_resnum": 16,
      "nt_name": "U",
      "nt_code": "U",
      "nt_id": "A.U16",
      "nt_type": "RNA",
      "dbn": ".",
      "summary": "anti,~C3'-endo,non-pair-contact,internal-loop,phosphate",
      "alpha": -136.742,
      "beta": -157.695,
      "gamma": 36.85,
      "delta": 82.984,
      "epsilon": 64.642,
      "zeta": 86.621,
      "epsilon_zeta": -21.979,
      "bb_type": "--",
      "chi": -135.16,
      "glyco_bond": "anti",
      "C5prime_xyz": [
        -1.783,
        8.817,
        -0.651
      ],
      "P_xyz": [
        0.548,
        9.985,
        -0.094
      ],
      "form": ".",
      "ssZp": 2.484,
      "Dp": 2.572,
      "splay_angle": 18.549,
      "splay_distance": 3.309,
      "splay_ratio": 0.164,
      "eta": 142.856,
      "theta": -103.53,
      "eta_prime": -167.285,
      "theta_prime": -119.553,
      "eta_base": -73.268,
      "theta_base": -76.324,
      "v0": -0.662,
      "v1": -19.237,
      "v2": 30.911,
      "v3": -31.735,
      "v4": 20.326,
      "amplitude": 32.77,
      "phase_angle": 19.392,
      "puckering": "C3'-endo",
      "sugar_class": "~C3'-endo",
      "bin": "trig",
      "cluster": "!!",
      "suiteness": 0.0,
      "filter_rmsd": 0.099,
      "frame": {
        "rmsd": 0.018,
        "origin": [
          -1.853,
          0.462,
          1.603
        ],
        "x_axis": [
          -0.337,
          -0.16,
          0.928
        ],
        "y_axis": [
          -0.635,
          0.766,
          -0.098
        ],
        "z_axis": [
          -0.696,
          -0.622,
          -0.359
        ],
        "quaternion": [
          0.517,
          0.253,
          -0.785,
          0.229
        ]
      },
      "sse": {
        "sse": null
      },
      "binding_protein": null,
      "binding_ion": null,
      "binding_small-molecule": "",
      "TotalAsa": 113.78139091778871,
      "PolarAsa": 85.07835054997172,
      "ApolarAsa": 28.703040367817,
      "id": "1raw.A.16"
    },
    {
      "index": 17,
      "index_chain": 17,
      "chain_name": "A",
      "nt_resnum": 17,
      "nt_name": "G",
      "nt_code": "G",
      "nt_id": "A.G17",
      "nt_type": "RNA",
      "dbn": ".",
      "summary": "anti,~C3'-endo,BI,non-canonical,non-pair-contact,helix-end,internal-loop,phosphate",
      "alpha": 21.704,
      "beta": -155.06,
      "gamma": -161.849,
      "delta": 88.909,
      "epsilon": -176.677,
      "zeta": -112.831,
      "epsilon_zeta": -63.846,
      "bb_type": "BI",
      "chi": -138.42,
      "glyco_bond": "anti",
      "C5prime_xyz": [
        -1.308,
        8.728,
        -0.564
      ],
      "P_xyz": [
        -0.389,
        10.049,
        -2.651
      ],
      "form": ".",
      "ssZp": 3.715,
      "Dp": 4.314,
      "splay_angle": 29.507,
      "splay_distance": 4.757,
      "splay_ratio": 0.255,
      "eta": 128.434,
      "theta": 167.949,
      "eta_prime": 159.407,
      "theta_prime": 167.572,
      "eta_base": -139.891,
      "theta_base": -174.743,
      "v0": 6.309,
      "v1": -23.312,
      "v2": 30.905,
      "v3": -27.382,
      "v4": 13.186,
      "amplitude": 31.109,
      "phase_angle": 6.566,
      "puckering": "C3'-endo",
      "sugar_class": "~C3'-endo",
      "bin": "trig",
      "cluster": "!!",
      "suiteness": 0.0,
      "filter_rmsd": 0.042,
      "frame": {
        "rmsd": 0.042,
        "origin": [
          -4.511,
          -1.229,
          2.616
        ],
        "x_axis": [
          -0.366,
          0.531,
          0.764
        ],
        "y_axis": [
          -0.503,
          0.578,
          -0.643
        ],
        "z_axis": [
          -0.783,
          -0.619,
          0.056
        ],
        "quaternion": [
          0.563,
          -0.01,
          -0.687,
          0.459
        ]
      },
      "sse": {
        "sse": null
      },
      "binding_protein": null,
      "binding_ion": null,
      "binding_small-molecule": "",
      "TotalAsa": 167.26130498837756,
      "PolarAsa": 131.55108534063856,
      "ApolarAsa": 35.710219647738974,
      "id": "1raw.A.17"
    },
    {
      "index": 18,
      "index_chain": 18,
      "chain_name": "A",
      "nt_resnum": 18,
      "nt_name": "C",
      "nt_code": "C",
      "nt_id": "A.C18",
      "nt_type": "RNA",
      "dbn": "(",
      "summary": "anti,~C3'-endo,BI,canonical,non-pair-contact,helix,stem-end,internal-loop",
      "alpha": 136.928,
      "beta": -129.343,
      "gamma": -178.945,
      "delta": 93.39,
      "epsilon": -136.79,
      "zeta": -65.057,
      "epsilon_zeta": -71.733,
      "bb_type": "BI",
      "chi": -177.968,
      "glyco_bond": "anti",
      "C5prime_xyz": [
        -0.996,
        8.133,
        1.73
      ],
      "P_xyz": [
        1.083,
        9.176,
        0.48
      ],
      "form": "A",
      "ssZp": 4.487,
      "Dp": 4.663,
      "splay_angle": 21.364,
      "splay_distance": 3.541,
      "splay_ratio": 0.191,
      "eta": 176.465,
      "theta": -140.618,
      "eta_prime": -175.409,
      "theta_prime": -143.685,
      "eta_base": -148.812,
      "theta_base": -117.718,
      "v0": 12.682,
      "v1": -27.012,
      "v2": 30.822,
      "v3": -23.809,
      "v4": 6.925,
      "amplitude": 30.959,
      "phase_angle": 354.605,
      "puckering": "C2'-exo",
      "sugar_class": "~C3'-endo",
      "bin": "33t",
      "cluster": "1c",
      "suiteness": 0.017,
      "filter_rmsd": 0.068,
      "frame": {
        "rmsd": 0.011,
        "origin": [
          -7.027,
          -5.263,
          2.425
        ],
        "x_axis": [
          -0.521,
          0.652,
          0.551
        ],
        "y_axis": [
          -0.269,
          0.487,
          -0.831
        ],
        "z_axis": [
          -0.81,
          -0.581,
          -0.078
        ],
        "quaternion": [
          -0.471,
          0.133,
          0.722,
          -0.489
        ]
      },
      "sse": {
        "sse": null
      },
      "binding_protein": null,
      "binding_ion": null,
      "binding_small-molecule": "",
      "TotalAsa": 180.8871145988488,
      "PolarAsa": 127.03173307951904,
      "ApolarAsa": 53.85538151932977,
      "id": "1raw.A.18"
    },
    {
      "index": 19,
      "index_chain": 19,
      "chain_name": "A",
      "nt_resnum": 19,
      "nt_name": "G",
      "nt_code": "G",
      "nt_id": "A.G19",
      "nt_type": "RNA",
      "dbn": "(",
      "summary": "anti,~C3'-endo,BI,canonical,non-pair-contact,helix,stem",
      "alpha": -65.148,
      "beta": 176.985,
      "gamma": 44.389,
      "delta": 82.785,
      "epsilon": -153.05,
      "zeta": -70.578,
      "epsilon_zeta": -82.472,
      "bb_type": "BI",
      "chi": -163.919,
      "glyco_bond": "anti",
      "C5prime_xyz": [
        -1.807,
        8.831,
        0.851
      ],
      "P_xyz": [
        0.54,
        9.523,
        1.768
      ],
      "form": "A",
      "ssZp": 4.381,
      "Dp": 4.548,
      "splay_angle": 19.682,
      "splay_distance": 3.298,
      "splay_ratio": 0.176,
      "eta": 158.613,
      "theta": -146.525,
      "eta_prime": 179.73,
      "theta_prime": -144.211,
      "eta_base": -132.103,
      "theta_base": -113.51,
      "v0": -0.707,
      "v1": -21.304,
      "v2": 34.071,
      "v3": -35.312,
      "v4": 22.581,
      "amplitude": 36.162,
      "phase_angle": 19.579,
      "puckering": "C3'-endo",
      "sugar_class": "~C3'-endo",
      "bin": "33p",
      "cluster": "1a",
      "suiteness": 0.55,
      "filter_rmsd": 0.027,
      "frame": {
        "rmsd": 0.027,
        "origin": [
          -9.581,
          -6.967,
          4.187
        ],
        "x_axis": [
          -0.471,
          0.882,
          -0.026
        ],
        "y_axis": [
          0.095,
          0.022,
          -0.995
        ],
        "z_axis": [
          -0.877,
          -0.471,
          -0.094
        ],
        "quaternion": [
          -0.338,
          0.388,
          0.63,
          -0.582
        ]
      },
      "sse": {
        "sse": null
      },
      "binding_protein": null,
      "binding_ion": null,
      "binding_small-molecule": "",
      "TotalAsa": 172.07989460581382,
      "PolarAsa": 129.96846188526865,
      "ApolarAsa": 42.11143272054512,
      "id": "1raw.A.19"
    },
    {
      "index": 2,
      "index_chain": 2,
      "chain_name": "A",
      "nt_resnum": 2,
      "nt_name": "G",
      "nt_code": "G",
      "nt_id": "A.G2",
      "nt_type": "RNA",
      "dbn": "(",
      "summary": "anti,~C3'-endo,BI,canonical,non-pair-contact,helix,stem",
      "alpha": -63.697,
      "beta": 176.869,
      "gamma": 48.747,
      "delta": 86.478,
      "epsilon": -154.576,
      "zeta": -72.654,
      "epsilon_zeta": -81.922,
      "bb_type": "BI",
      "chi": -145.287,
      "glyco_bond": "anti",
      "C5prime_xyz": [
        -1.368,
        8.792,
        -0.188
      ],
      "P_xyz": [
        1.241,
        9.153,
        -0.175
      ],
      "form": "A",
      "ssZp": 4.038,
      "Dp": 4.578,
      "splay_angle": 21.19,
      "splay_distance": 3.416,
      "splay_ratio": 0.184,
      "eta": 166.781,
      "theta": -145.339,
      "eta_prime": -176.848,
      "theta_prime": -144.269,
      "eta_base": -137.162,
      "theta_base": -117.418,
      "v0": 5.342,
      "v1": -24.95,
      "v2": 34.102,
      "v3": -31.71,
      "v4": 16.481,
      "amplitude": 34.594,
      "phase_angle": 9.678,
      "puckering": "C3'-endo",
      "sugar_class": "~C3'-endo",
      "bin": "33p",
      "cluster": "1a",
      "suiteness": 0.842,
      "filter_rmsd": 0.027,
      "frame": {
        "rmsd": 0.027,
        "origin": [
          18.214,
          -4.279,
          6.875
        ],
        "x_axis": [
          -0.498,
          -0.62,
          -0.606
        ],
        "y_axis": [
          -0.786,
          0.027,
          0.618
        ],
        "z_axis": [
          -0.367,
          0.784,
          -0.501
        ],
        "quaternion": [
          0.084,
          -0.494,
          0.712,
          0.493
        ]
      },
      "sse": {
        "sse": null
      },
      "binding_protein": null,
      "binding_ion": null,
      "binding_small-molecule": null,
      "TotalAsa": 192.35983155332457,
      "PolarAsa": 147.2946589576808,
      "ApolarAsa": 45.06517259564376,
      "id": "1raw.A.2"
    },
    {
      "index": 20,
      "index_chain": 20,
      "chain_name": "A",
      "nt_resnum": 20,
      "nt_name": "G",
      "nt_code": "G",
      "nt_id": "A.G20",
      "nt_type": "RNA",
      "dbn": "(",
      "summary": "anti,~C3'-endo,BI,canonical,non-pair-contact,helix,stem",
      "alpha": -65.142,
      "beta": 177.06,
      "gamma": 46.409,
      "delta": 83.286,
      "epsilon": -154.775,
      "zeta": -74.651,
      "epsilon_zeta": -80.124,
      "bb_type": "BI",
      "chi": -158.566,
      "glyco_bond": "anti",
      "C5prime_xyz": [
        -1.768,
        8.89,
        0.579
      ],
      "P_xyz": [
        0.68,
        9.679,
        1.104
      ],
      "form": "A",
      "ssZp": 4.419,
      "Dp": 4.531,
      "splay_angle": 19.184,
      "splay_distance": 3.075,
      "splay_ratio": 0.168,
      "eta": 163.756,
      "theta": -151.178,
      "eta_prime": 176.995,
      "theta_prime": -148.709,
      "eta_base": -138.711,
      "theta_base": -114.163,
      "v0": -0.39,
      "v1": -21.507,
      "v2": 34.09,
      "v3": -35.002,
      "v4": 22.071,
      "amplitude": 36.037,
      "phase_angle": 18.916,
      "puckering": "C3'-endo",
      "sugar_class": "~C3'-endo",
      "bin": "33p",
      "cluster": "1a",
      "suiteness": 0.891,
      "filter_rmsd": 0.027,
      "frame": {
        "rmsd": 0.027,
        "origin": [
          -12.613,
          -7.394,
          5.412
        ],
        "x_axis": [
          -0.234,
          0.797,
          -0.557
        ],
        "y_axis": [
          0.28,
          -0.494,
          -0.823
        ],
        "z_axis": [
          -0.931,
          -0.349,
          -0.108
        ],
        "quaternion": [
          0.203,
          -0.585,
          -0.461,
          0.636
        ]
      },
      "sse": {
        "sse": null
      },
      "binding_protein": null,
      "binding_ion": null,
      "binding_small-molecule": null,
      "TotalAsa": 165.97452864779447,
      "PolarAsa": 125.04000637307146,
      "ApolarAsa": 40.93452227472297,
      "id": "1raw.A.20"
    },
    {
      "index": 21,
      "index_chain": 21,
      "chain_name": "A",
      "nt_resnum": 21,
      "nt_name": "C",
      "nt_code": "C",
      "nt_id": "A.C21",
      "nt_type": "RNA",
      "dbn": "(",
      "summary": "anti,~C3'-endo,BI,canonical,non-pair-contact,helix,stem-end,hairpin-loop",
      "alpha": -65.112,
      "beta": 177.041,
      "gamma": 47.475,
      "delta": 86.491,
      "epsilon": -148.67,
      "zeta": -70.486,
      "epsilon_zeta": -78.185,
      "bb_type": "BI",
      "chi": -150.993,
      "glyco_bond": "anti",
      "C5prime_xyz": [
        -1.19,
        8.788,
        0.19
      ],
      "P_xyz": [
        1.404,
        9.233,
        0.384
      ],
      "form": ".",
      "ssZp": 4.249,
      "Dp": 4.582,
      "splay_angle": 28.927,
      "splay_distance": 4.498,
      "splay_ratio": 0.25,
      "eta": 166.38,
      "theta": -133.284,
      "eta_prime": 177.583,
      "theta_prime": -125.481,
      "eta_base": -136.625,
      "theta_base": -69.382,
      "v0": 4.207,
      "v1": -24.393,
      "v2": 34.144,
      "v3": -32.296,
      "v4": 17.611,
      "amplitude": 34.839,
      "phase_angle": 11.461,
      "puckering": "C3'-endo",
      "sugar_class": "~C3'-endo",
      "bin": "33p",
      "cluster": "1a",
      "suiteness": 0.858,
      "filter_rmsd": 0.064,
      "frame": {
        "rmsd": 0.017,
        "origin": [
          -15.656,
          -6.957,
          5.302
        ],
        "x_axis": [
          0.095,
          0.369,
          -0.925
        ],
        "y_axis": [
          0.207,
          -0.916,
          -0.344
        ],
        "z_axis": [
          -0.974,
          -0.158,
          -0.164
        ],
        "quaternion": [
          -0.063,
          0.737,
          0.195,
          -0.644
        ]
      },
      "sse": {
        "sse": "hairpin_1"
      },
      "binding_protein": null,
      "binding_ion": null,
      "binding_small-molecule": null,
      "TotalAsa": 141.58447277787906,
      "PolarAsa": 100.37346611843155,
      "ApolarAsa": 41.211006659447534,
      "id": "1raw.A.21"
    },
    {
      "index": 22,
      "index_chain": 22,
      "chain_name": "A",
      "nt_resnum": 22,
      "nt_name": "U",
      "nt_code": "U",
      "nt_id": "A.U22",
      "nt_type": "RNA",
      "dbn": ".",
      "summary": "anti,~C3'-endo,non-canonical,non-pair-contact,helix-end,hairpin-loop,phosphate",
      "alpha": -43.77,
      "beta": 157.483,
      "gamma": 47.411,
      "delta": 85.641,
      "epsilon": -108.877,
      "zeta": -124.284,
      "epsilon_zeta": 15.406,
      "bb_type": "--",
      "chi": -152.938,
      "glyco_bond": "anti",
      "C5prime_xyz": [
        -1.296,
        8.749,
        0.281
      ],
      "P_xyz": [
        1.323,
        8.804,
        0.781
      ],
      "form": ".",
      "ssZp": 3.707,
      "Dp": 4.712,
      "splay_angle": 45.615,
      "splay_distance": 6.976,
      "splay_ratio": 0.417,
      "eta": -178.653,
      "theta": -118.269,
      "eta_prime": -155.437,
      "theta_prime": -104.516,
      "eta_base": -86.895,
      "theta_base": -21.201,
      "v0": 8.664,
      "v1": -27.032,
      "v2": 34.254,
      "v3": -29.213,
      "v4": 12.92,
      "amplitude": 34.318,
      "phase_angle": 3.494,
      "puckering": "C3'-endo",
      "sugar_class": "~C3'-endo",
      "bin": "33p",
      "cluster": "1a",
      "suiteness": 0.543,
      "filter_rmsd": 0.102,
      "frame": {
        "rmsd": 0.018,
        "origin": [
          -17.321,
          -7.15,
          1.128
        ],
        "x_axis": [
          0.445,
          -0.485,
          -0.752
        ],
        "y_axis": [
          -0.114,
          -0.864,
          0.49
        ],
        "z_axis": [
          -0.888,
          -0.133,
          -0.44
        ],
        "quaternion": [
          0.188,
          0.829,
          -0.181,
          -0.495
        ]
      },
      "sse": {
        "sse": "hairpin_1"
      },
      "binding_protein": null,
      "binding_ion": null,
      "binding_small-molecule": null,
      "TotalAsa": 114.56378200044563,
      "PolarAsa": 87.85879875882489,
      "ApolarAsa": 26.704983241620724,
      "id": "1raw.A.22"
    },
    {
      "index": 23,
      "index_chain": 23,
      "chain_name": "A",
      "nt_resnum": 23,
      "nt_name": "U",
      "nt_code": "U",
      "nt_id": "A.U23",
      "nt_type": "RNA",
      "dbn": ".",
      "summary": "anti,~C2'-endo,BII,non-pair-contact,hairpin-loop",
      "alpha": 75.743,
      "beta": -57.685,
      "gamma": -163.721,
      "delta": 140.364,
      "epsilon": -87.257,
      "zeta": -158.58,
      "epsilon_zeta": 71.323,
      "bb_type": "BII",
      "chi": -49.394,
      "glyco_bond": "anti",
      "C5prime_xyz": [
        -4.879,
        6.07,
        -1.635
      ],
      "P_xyz": [
        -5.849,
        3.573,
        -1.293
      ],
      "form": ".",
      "ssZp": 1.64,
      "Dp": 1.443,
      "splay_angle": 50.492,
      "splay_distance": 8.68,
      "splay_ratio": 0.427,
      "eta": -85.798,
      "theta": 133.2,
      "eta_prime": -97.163,
      "theta_prime": 160.723,
      "eta_base": -12.321,
      "theta_base": -167.738,
      "v0": -13.46,
      "v1": 26.651,
      "v2": -30.301,
      "v3": 22.285,
      "v4": -5.321,
      "amplitude": 30.572,
      "phase_angle": 172.363,
      "puckering": "C2'-endo",
      "sugar_class": "~C2'-endo",
      "bin": "trig",
      "cluster": "!!",
      "suiteness": 0.0,
      "filter_rmsd": 0.101,
      "frame": {
        "rmsd": 0.03,
        "origin": [
          -17.79,
          -14.11,
          1.257
        ],
        "x_axis": [
          0.314,
          0.195,
          -0.929
        ],
        "y_axis": [
          -0.687,
          0.722,
          -0.08
        ],
        "z_axis": [
          0.655,
          0.664,
          0.361
        ],
        "quaternion": [
          0.774,
          -0.24,
          0.512,
          0.285
        ]
      },
      "sse": {
        "sse": "hairpin_1"
      },
      "binding_protein": null,
      "binding_ion": null,
      "binding_small-molecule": null,
      "TotalAsa": 207.82791413280924,
      "PolarAsa": 119.63032165764517,
      "ApolarAsa": 88.197592475164,
      "id": "1raw.A.23"
    },
    {
      "index": 24,
      "index_chain": 24,
      "chain_name": "A",
      "nt_resnum": 24,
      "nt_name": "C",
      "nt_code": "C",
      "nt_id": "A.C24",
      "nt_type": "RNA",
      "dbn": ".",
      "summary": "anti,~C2'-endo,BI,non-pair-contact,hairpin-loop,cap-donor",
      "alpha": 70.075,
      "beta": -145.616,
      "gamma": -171.377,
      "delta": 138.409,
      "epsilon": 174.437,
      "zeta": -108.684,
      "epsilon_zeta": -76.879,
      "bb_type": "BI",
      "chi": -179.851,
      "glyco_bond": "anti",
      "C5prime_xyz": [
        -2.609,
        8.178,
        1.84
      ],
      "P_xyz": [
        -0.448,
        9.609,
        2.371
      ],
      "form": "Z",
      "ssZp": 0.019,
      "Dp": 2.275,
      "splay_angle": 52.442,
      "splay_distance": 7.172,
      "splay_ratio": 0.449,
      "eta": 132.13,
      "theta": 142.135,
      "eta_prime": 168.71,
      "theta_prime": 71.007,
      "eta_base": -157.221,
      "theta_base": 43.884,
      "v0": -11.963,
      "v1": 26.386,
      "v2": -30.44,
      "v3": 23.78,
      "v4": -7.538,
      "amplitude": 30.526,
      "phase_angle": 175.708,
      "puckering": "C2'-endo",
      "sugar_class": "~C2'-endo",
      "bin": "22t",
      "cluster": "!!",
      "suiteness": 0.0,
      "filter_rmsd": 0.066,
      "frame": {
        "rmsd": 0.007,
        "origin": [
          -18.746,
          -6.173,
          -2.123
        ],
        "x_axis": [
          0.233,
          -0.971,
          -0.058
        ],
        "y_axis": [
          -0.36,
          -0.142,
          0.922
        ],
        "z_axis": [
          -0.903,
          -0.194,
          -0.383
        ],
        "quaternion": [
          0.421,
          0.663,
          -0.502,
          -0.362
        ]
      },
      "sse": {
        "sse": "hairpin_1"
      },
      "binding_protein": null,
      "binding_ion": null,
      "binding_small-molecule": null,
      "TotalAsa": 194.46682499423486,
      "PolarAsa": 147.6987352118495,
      "ApolarAsa": 46.768089782385324,
      "id": "1raw.A.24"
    },
    {
      "index": 25,
      "index_chain": 25,
      "chain_name": "A",
      "nt_resnum": 25,
      "nt_name": "G",
      "nt_code": "G",
      "nt_id": "A.G25",
      "nt_type": "RNA",
      "dbn": ".",
      "summary": "syn,~C3'-endo,BI,non-canonical,non-pair-contact,helix-end,hairpin-loop,cap-acceptor,phosphate",
      "alpha": -29.387,
      "beta": -61.518,
      "gamma": -162.265,
      "delta": 100.761,
      "epsilon": -162.916,
      "zeta": -44.883,
      "epsilon_zeta": -118.033,
      "bb_type": "BI",
      "chi": 61.403,
      "glyco_bond": "syn",
      "C5prime_xyz": [
        -4.306,
        3.5,
        1.956
      ],
      "P_xyz": [
        -3.635,
        4.689,
        4.206
      ],
      "form": ".",
      "ssZp": -2.286,
      "Dp": 4.421,
      "splay_angle": 24.842,
      "splay_distance": 3.481,
      "splay_ratio": 0.218,
      "eta": 126.212,
      "theta": -170.915,
      "eta_prime": 96.829,
      "theta_prime": -151.616,
      "eta_base": 114.442,
      "theta_base": -172.19,
      "v0": 12.721,
      "v1": -27.472,
      "v2": 30.379,
      "v3": -23.782,
      "v4": 6.991,
      "amplitude": 30.533,
      "phase_angle": 354.247,
      "puckering": "C2'-exo",
      "sugar_class": "~C3'-endo",
      "bin": "trig",
      "cluster": "!!",
      "suiteness": 0.0,
      "filter_rmsd": 0.037,
      "frame": {
        "rmsd": 0.037,
        "origin": [
          -18.922,
          -6.769,
          5.022
        ],
        "x_axis": [
          -0.52,
          -0.785,
          0.337
        ],
        "y_axis": [
          -0.535,
          0.607,
          0.587
        ],
        "z_axis": [
          -0.665,
          0.125,
          -0.736
        ],
        "quaternion": [
          -0.296,
          -0.39,
          0.846,
          0.21
        ]
      },
      "sse": {
        "sse": "hairpin_1"
      },
      "binding_protein": null,
      "binding_ion": null,
      "binding_small-molecule": null,
      "TotalAsa": 199.16900805332304,
      "PolarAsa": 144.22758194253365,
      "ApolarAsa": 54.941426110789386,
      "id": "1raw.A.25"
    },
    {
      "index": 26,
      "index_chain": 26,
      "chain_name": "A",
      "nt_resnum": 26,
      "nt_name": "G",
      "nt_code": "G",
      "nt_id": "A.G26",
      "nt_type": "RNA",
      "dbn": ")",
      "summary": "anti,~C3'-endo,BI,canonical,non-pair-contact,helix,stem-end,hairpin-loop",
      "alpha": -65.289,
      "beta": 176.797,
      "gamma": 50.45,
      "delta": 86.724,
      "epsilon": -148.59,
      "zeta": -70.307,
      "epsilon_zeta": -78.283,
      "bb_type": "BI",
      "chi": -158.791,
      "glyco_bond": "anti",
      "C5prime_xyz": [
        -0.693,
        8.498,
        0.627
      ],
      "P_xyz": [
        1.918,
        7.994,
        0.958
      ],
      "form": "A",
      "ssZp": 4.455,
      "Dp": 4.682,
      "splay_angle": 20.398,
      "splay_distance": 3.101,
      "splay_ratio": 0.177,
      "eta": 169.494,
      "theta": -132.462,
      "eta_prime": -155.021,
      "theta_prime": -130.824,
      "eta_base": -142.584,
      "theta_base": -95.731,
      "v0": 9.863,
      "v1": -27.303,
      "v2": 34.166,
      "v3": -28.729,
      "v4": 11.826,
      "amplitude": 34.184,
      "phase_angle": 1.846,
      "puckering": "C3'-endo",
      "sugar_class": "~C3'-endo",
      "bin": "33p",
      "cluster": "1a",
      "suiteness": 0.123,
      "filter_rmsd": 0.03,
      "frame": {
        "rmsd": 0.03,
        "origin": [
          -15.879,
          -8.012,
          6.169
        ],
        "x_axis": [
          0.198,
          0.338,
          -0.92
        ],
        "y_axis": [
          -0.223,
          0.929,
          0.294
        ],
        "z_axis": [
          0.954,
          0.147,
          0.259
        ],
        "quaternion": [
          0.772,
          0.047,
          0.607,
          0.182
        ]
      },
      "sse": {
        "sse": "hairpin_1"
      },
      "binding_protein": null,
      "binding_ion": null,
      "binding_small-molecule": null,
      "TotalAsa": 171.8858499128864,
      "PolarAsa": 132.11466538184916,
      "ApolarAsa": 39.77118453103722,
      "id": "1raw.A.26"
    },
    {
      "index": 27,
      "index_chain": 27,
      "chain_name": "A",
      "nt_resnum": 27,
      "nt_name": "C",
      "nt_code": "C",
      "nt_id": "A.C27",
      "nt_type": "RNA",
      "dbn": ")",
      "summary": "anti,~C3'-endo,BI,canonical,non-pair-contact,helix,stem",
      "alpha": -65.144,
      "beta": 176.774,
      "gamma": 50.523,
      "delta": 86.61,
      "epsilon": -154.757,
      "zeta": -76.105,
      "epsilon_zeta": -78.651,
      "bb_type": "BI",
      "chi": -163.117,
      "glyco_bond": "anti",
      "C5prime_xyz": [
        -1.094,
        8.579,
        0.783
      ],
      "P_xyz": [
        1.508,
        8.535,
        1.252
      ],
      "form": "A",
      "ssZp": 4.455,
      "Dp": 4.659,
      "splay_angle": 23.349,
      "splay_distance": 3.58,
      "splay_ratio": 0.203,
      "eta": 163.862,
      "theta": -146.572,
      "eta_prime": -177.412,
      "theta_prime": -145.762,
      "eta_base": -119.77,
      "theta_base": -125.605,
      "v0": 8.548,
      "v1": -27.04,
      "v2": 34.362,
      "v3": -30.099,
      "v4": 13.413,
      "amplitude": 34.458,
      "phase_angle": 4.285,
      "puckering": "C3'-endo",
      "sugar_class": "~C3'-endo",
      "bin": "33p",
      "cluster": "1a",
      "suiteness": 0.857,
      "filter_rmsd": 0.068,
      "frame": {
        "rmsd": 0.015,
        "origin": [
          -12.972,
          -7.489,
          5.224
        ],
        "x_axis": [
          -0.196,
          0.805,
          -0.561
        ],
        "y_axis": [
          -0.189,
          0.53,
          0.827
        ],
        "z_axis": [
          0.962,
          0.268,
          0.048
        ],
        "quaternion": [
          0.588,
          0.238,
          0.648,
          0.423
        ]
      },
      "sse": {
        "sse": null
      },
      "binding_protein": null,
      "binding_ion": null,
      "binding_small-molecule": null,
      "TotalAsa": 154.47465051603558,
      "PolarAsa": 110.1904648486773,
      "ApolarAsa": 44.28418566735828,
      "id": "1raw.A.27"
    },
    {
      "index": 28,
      "index_chain": 28,
      "chain_name": "A",
      "nt_resnum": 28,
      "nt_name": "C",
      "nt_code": "C",
      "nt_id": "A.C28",
      "nt_type": "RNA",
      "dbn": ")",
      "summary": "anti,~C3'-endo,BI,canonical,non-pair-contact,helix,stem",
      "alpha": -59.447,
      "beta": 177.182,
      "gamma": 50.47,
      "delta": 86.483,
      "epsilon": -154.802,
      "zeta": -76.602,
      "epsilon_zeta": -78.2,
      "bb_type": "BI",
      "chi": -157.808,
      "glyco_bond": "anti",
      "C5prime_xyz": [
        -1.002,
        8.639,
        0.539
      ],
      "P_xyz": [
        1.578,
        8.745,
        1.116
      ],
      "form": "A",
      "ssZp": 4.231,
      "Dp": 4.584,
      "splay_angle": 22.075,
      "splay_distance": 3.763,
      "splay_ratio": 0.198,
      "eta": 175.367,
      "theta": -119.516,
      "eta_prime": -173.29,
      "theta_prime": -129.004,
      "eta_base": -140.321,
      "theta_base": -101.84,
      "v0": 9.019,
      "v1": -27.013,
      "v2": 34.049,
      "v3": -29.469,
      "v4": 12.629,
      "amplitude": 34.106,
      "phase_angle": 3.313,
      "puckering": "C3'-endo",
      "sugar_class": "~C3'-endo",
      "bin": "33p",
      "cluster": "1a",
      "suiteness": 0.84,
      "filter_rmsd": 0.066,
      "frame": {
        "rmsd": 0.012,
        "origin": [
          -9.588,
          -7.259,
          4.078
        ],
        "x_axis": [
          -0.367,
          0.929,
          -0.04
        ],
        "y_axis": [
          -0.029,
          0.032,
          0.999
        ],
        "z_axis": [
          0.93,
          0.368,
          0.015
        ],
        "quaternion": [
          0.412,
          0.383,
          0.588,
          0.581
        ]
      },
      "sse": {
        "sse": null
      },
      "binding_protein": null,
      "binding_ion": null,
      "binding_small-molecule": null,
      "TotalAsa": 169.60968133735005,
      "PolarAsa": 124.20339785332757,
      "ApolarAsa": 45.406283484022474,
      "id": "1raw.A.28"
    },
    {
      "index": 29,
      "index_chain": 29,
      "chain_name": "A",
      "nt_resnum": 29,
      "nt_name": "G",
      "nt_code": "G",
      "nt_id": "A.G29",
      "nt_type": "RNA",
      "dbn": ")",
      "summary": "anti,~C3'-endo,BI,canonical,non-pair-contact,helix,stem-end,internal-loop",
      "alpha": 141.374,
      "beta": -163.101,
      "gamma": -178.326,
      "delta": 94.677,
      "epsilon": -166.188,
      "zeta": -63.959,
      "epsilon_zeta": -102.229,
      "bb_type": "BI",
      "chi": 178.895,
      "glyco_bond": "anti",
      "C5prime_xyz": [
        -1.141,
        8.104,
        1.909
      ],
      "P_xyz": [
        0.69,
        9.897,
        1.176
      ],
      "form": ".",
      "ssZp": 4.409,
      "Dp": 4.458,
      "splay_angle": 18.684,
      "splay_distance": 3.168,
      "splay_ratio": 0.217,
      "eta": 159.76,
      "theta": -175.358,
      "eta_prime": -178.821,
      "theta_prime": -162.61,
      "eta_base": -124.018,
      "theta_base": -91.895,
      "v0": 12.242,
      "v1": -27.016,
      "v2": 30.788,
      "v3": -24.081,
      "v4": 7.434,
      "amplitude": 30.891,
      "phase_angle": 355.328,
      "puckering": "C2'-exo",
      "sugar_class": "~C3'-endo",
      "bin": "33t",
      "cluster": "1c",
      "suiteness": 0.577,
      "filter_rmsd": 0.027,
      "frame": {
        "rmsd": 0.027,
        "origin": [
          -7.297,
          -4.619,
          2.687
        ],
        "x_axis": [
          -0.457,
          0.727,
          0.512
        ],
        "y_axis": [
          0.187,
          -0.484,
          0.855
        ],
        "z_axis": [
          0.869,
          0.487,
          0.085
        ],
        "quaternion": [
          0.189,
          0.485,
          0.471,
          0.712
        ]
      },
      "sse": {
        "sse": null
      },
      "binding_protein": null,
      "binding_ion": null,
      "binding_small-molecule": "",
      "TotalAsa": 172.49183890437655,
      "PolarAsa": 136.8590623856943,
      "ApolarAsa": 35.63277651868221,
      "id": "1raw.A.29"
    },
    {
      "index": 3,
      "index_chain": 3,
      "chain_name": "A",
      "nt_resnum": 3,
      "nt_name": "G",
      "nt_code": "G",
      "nt_id": "A.G3",
      "nt_type": "RNA",
      "dbn": "(",
      "summary": "anti,~C3'-endo,BI,canonical,non-pair-contact,helix,stem",
      "alpha": -64.384,
      "beta": 177.108,
      "gamma": 47.287,
      "delta": 85.504,
      "epsilon": -154.884,
      "zeta": -70.577,
      "epsilon_zeta": -84.307,
      "bb_type": "BI",
      "chi": -144.863,
      "glyco_bond": "anti",
      "C5prime_xyz": [
        -1.238,
        8.767,
        -0.163
      ],
      "P_xyz": [
        1.347,
        9.175,
        0.021
      ],
      "form": "A",
      "ssZp": 3.987,
      "Dp": 4.544,
      "splay_angle": 20.403,
      "splay_distance": 3.358,
      "splay_ratio": 0.179,
      "eta": 165.246,
      "theta": -147.298,
      "eta_prime": 178.332,
      "theta_prime": -147.867,
      "eta_base": -141.442,
      "theta_base": -129.878,
      "v0": 8.222,
      "v1": -26.622,
      "v2": 34.234,
      "v3": -29.685,
      "v4": 13.26,
      "amplitude": 34.335,
      "phase_angle": 4.397,
      "puckering": "C3'-endo",
      "sugar_class": "~C3'-endo",
      "bin": "33p",
      "cluster": "1a",
      "suiteness": 0.845,
      "filter_rmsd": 0.028,
      "frame": {
        "rmsd": 0.028,
        "origin": [
          16.827,
          -2.55,
          4.275
        ],
        "x_axis": [
          -0.691,
          -0.723,
          0.004
        ],
        "y_axis": [
          -0.464,
          0.448,
          0.764
        ],
        "z_axis": [
          -0.554,
          0.527,
          -0.645
        ],
        "quaternion": [
          -0.167,
          -0.356,
          0.834,
          0.387
        ]
      },
      "sse": {
        "sse": null
      },
      "binding_protein": null,
      "binding_ion": null,
      "binding_small-molecule": null,
      "TotalAsa": 181.74776213490946,
      "PolarAsa": 137.72255287748632,
      "ApolarAsa": 44.02520925742316,
      "id": "1raw.A.3"
    },
    {
      "index": 30,
      "index_chain": 30,
      "chain_name": "A",
      "nt_resnum": 30,
      "nt_name": "G",
      "nt_code": "G",
      "nt_id": "A.G30",
      "nt_type": "RNA",
      "dbn": ".",
      "summary": "syn,~C2'-endo,non-canonical,non-pair-contact,helix-end,internal-loop,phosphate,splayed-apart",
      "alpha": -78.551,
      "beta": -126.007,
      "gamma": 45.42,
      "delta": 143.87,
      "epsilon": -146.932,
      "zeta": 171.147,
      "epsilon_zeta": 41.92,
      "bb_type": "--",
      "chi": 79.199,
      "glyco_bond": "syn",
      "C5prime_xyz": [
        -4.997,
        4.209,
        1.888
      ],
      "P_xyz": [
        -5.848,
        2.005,
        0.688
      ],
      "form": ".",
      "ssZp": -1.841,
      "Dp": 2.066,
      "splay_angle": 96.422,
      "splay_distance": 14.025,
      "splay_ratio": 0.746,
      "eta": -166.076,
      "theta": 173.744,
      "eta_prime": -156.756,
      "theta_prime": -156.346,
      "eta_base": -97.809,
      "theta_base": -135.665,
      "v0": -10.835,
      "v1": 26.107,
      "v2": -30.857,
      "v3": 25.135,
      "v4": -8.921,
      "amplitude": 30.872,
      "phase_angle": 178.26,
      "puckering": "C2'-endo",
      "sugar_class": "~C2'-endo",
      "bin": "32p",
      "cluster": "1[",
      "suiteness": 0.341,
      "filter_rmsd": 0.029,
      "frame": {
        "rmsd": 0.029,
        "origin": [
          -4.537,
          -3.92,
          4.078
        ],
        "x_axis": [
          -0.638,
          0.521,
          -0.567
        ],
        "y_axis": [
          0.396,
          -0.409,
          -0.822
        ],
        "z_axis": [
          -0.66,
          -0.749,
          0.055
        ],
        "quaternion": [
          0.043,
          -0.423,
          -0.542,
          0.725
        ]
      },
      "sse": {
        "sse": null
      },
      "binding_protein": null,
      "binding_ion": null,
      "binding_small-molecule": "",
      "TotalAsa": 111.65563600669881,
      "PolarAsa": 59.9047681264884,
      "ApolarAsa": 51.75086788021043,
      "id": "1raw.A.30"
    },
    {
      "index": 31,
      "index_chain": 31,
      "chain_name": "A",
      "nt_resnum": 31,
      "nt_name": "C",
      "nt_code": "C",
      "nt_id": "A.C31",
      "nt_type": "RNA",
      "dbn": ")",
      "summary": "anti,~C3'-endo,BI,canonical,non-pair-contact,helix,stem-end,internal-loop,phosphate,splayed-apart",
      "alpha": -176.08,
      "beta": -128.305,
      "gamma": 165.943,
      "delta": 91.138,
      "epsilon": -165.266,
      "zeta": -73.878,
      "epsilon_zeta": -91.388,
      "bb_type": "BI",
      "chi": -141.75,
      "glyco_bond": "anti",
      "C5prime_xyz": [
        -1.24,
        8.752,
        -0.312
      ],
      "P_xyz": [
        0.251,
        8.856,
        -2.48
      ],
      "form": "A",
      "ssZp": 3.949,
      "Dp": 4.411,
      "splay_angle": 23.779,
      "splay_distance": 3.782,
      "splay_ratio": 0.206,
      "eta": -135.971,
      "theta": -154.963,
      "eta_prime": -157.737,
      "theta_prime": -167.135,
      "eta_base": -177.791,
      "theta_base": -145.975,
      "v0": 4.421,
      "v1": -22.218,
      "v2": 30.774,
      "v3": -28.228,
      "v4": 14.923,
      "amplitude": 31.238,
      "phase_angle": 9.889,
      "puckering": "C3'-endo",
      "sugar_class": "~C3'-endo",
      "bin": "23t",
      "cluster": "!!",
      "suiteness": 0.0,
      "filter_rmsd": 0.065,
      "frame": {
        "rmsd": 0.008,
        "origin": [
          8.22,
          -1.343,
          -1.15
        ],
        "x_axis": [
          0.013,
          0.324,
          0.946
        ],
        "y_axis": [
          -0.268,
          -0.91,
          0.315
        ],
        "z_axis": [
          0.963,
          -0.258,
          0.075
        ],
        "quaternion": [
          0.211,
          0.68,
          0.02,
          0.702
        ]
      },
      "sse": {
        "sse": null
      },
      "binding_protein": null,
      "binding_ion": null,
      "binding_small-molecule": null,
      "TotalAsa": 118.59438246857997,
      "PolarAsa": 64.84793061319036,
      "ApolarAsa": 53.74645185538962,
      "id": "1raw.A.31"
    },
    {
      "index": 32,
      "index_chain": 32,
      "chain_name": "A",
      "nt_resnum": 32,
      "nt_name": "U",
      "nt_code": "U",
      "nt_id": "A.U32",
      "nt_type": "RNA",
      "dbn": ")",
      "summary": "anti,~C3'-endo,BI,canonical,non-pair-contact,helix,stem",
      "alpha": -65.172,
      "beta": 178.544,
      "gamma": 48.418,
      "delta": 86.532,
      "epsilon": -154.732,
      "zeta": -72.36,
      "epsilon_zeta": -82.372,
      "bb_type": "BI",
      "chi": -156.393,
      "glyco_bond": "anti",
      "C5prime_xyz": [
        -1.183,
        8.674,
        0.464
      ],
      "P_xyz": [
        1.383,
        8.949,
        1.087
      ],
      "form": "A",
      "ssZp": 4.23,
      "Dp": 4.58,
      "splay_angle": 22.521,
      "splay_distance": 3.533,
      "splay_ratio": 0.195,
      "eta": 169.774,
      "theta": -145.492,
      "eta_prime": -179.485,
      "theta_prime": -143.102,
      "eta_base": -143.084,
      "theta_base": -114.473,
      "v0": 7.876,
      "v1": -26.449,
      "v2": 34.139,
      "v3": -29.998,
      "v4": 13.777,
      "amplitude": 34.277,
      "phase_angle": 5.139,
      "puckering": "C3'-endo",
      "sugar_class": "~C3'-endo",
      "bin": "33p",
      "cluster": "1a",
      "suiteness": 0.617,
      "filter_rmsd": 0.102,
      "frame": {
        "rmsd": 0.013,
        "origin": [
          11.928,
          -1.542,
          -0.433
        ],
        "x_axis": [
          -0.461,
          -0.083,
          0.884
        ],
        "y_axis": [
          -0.263,
          -0.938,
          -0.225
        ],
        "z_axis": [
          0.848,
          -0.336,
          0.411
        ],
        "quaternion": [
          0.054,
          0.516,
          -0.167,
          0.838
        ]
      },
      "sse": {
        "sse": null
      },
      "binding_protein": null,
      "binding_ion": null,
      "binding_small-molecule": null,
      "TotalAsa": 169.47600919935775,
      "PolarAsa": 120.42366141625837,
      "ApolarAsa": 49.052347783099385,
      "id": "1raw.A.32"
    },
    {
      "index": 33,
      "index_chain": 33,
      "chain_name": "A",
      "nt_resnum": 33,
      "nt_name": "U",
      "nt_code": "U",
      "nt_id": "A.U33",
      "nt_type": "RNA",
      "dbn": ")",
      "summary": "anti,~C3'-endo,BI,canonical,non-pair-contact,helix,stem",
      "alpha": -63.694,
      "beta": 178.144,
      "gamma": 47.31,
      "delta": 86.505,
      "epsilon": -154.718,
      "zeta": -75.132,
      "epsilon_zeta": -79.586,
      "bb_type": "BI",
      "chi": -152.891,
      "glyco_bond": "anti",
      "C5prime_xyz": [
        -1.098,
        8.671,
        0.274
      ],
      "P_xyz": [
        1.505,
        8.928,
        0.662
      ],
      "form": "A",
      "ssZp": 4.232,
      "Dp": 4.587,
      "splay_angle": 20.326,
      "splay_distance": 3.222,
      "splay_ratio": 0.177,
      "eta": 168.431,
      "theta": -148.146,
      "eta_prime": -178.103,
      "theta_prime": -145.906,
      "eta_base": -136.766,
      "theta_base": -125.645,
      "v0": 7.99,
      "v1": -26.481,
      "v2": 34.177,
      "v3": -30.041,
      "v4": 13.688,
      "amplitude": 34.309,
      "phase_angle": 5.03,
      "puckering": "C3'-endo",
      "sugar_class": "~C3'-endo",
      "bin": "33p",
      "cluster": "1a",
      "suiteness": 0.825,
      "filter_rmsd": 0.101,
      "frame": {
        "rmsd": 0.014,
        "origin": [
          14.688,
          -1.901,
          1.744
        ],
        "x_axis": [
          -0.622,
          -0.563,
          0.544
        ],
        "y_axis": [
          0.084,
          -0.738,
          -0.669
        ],
        "z_axis": [
          0.778,
          -0.371,
          0.506
        ],
        "quaternion": [
          -0.191,
          0.39,
          -0.307,
          0.847
        ]
      },
      "sse": {
        "sse": null
      },
      "binding_protein": null,
      "binding_ion": null,
      "binding_small-molecule": null,
      "TotalAsa": 169.0975304959037,
      "PolarAsa": 117.49947676541942,
      "ApolarAsa": 51.59805373048427,
      "id": "1raw.A.33"
    },
    {
      "index": 34,
      "index_chain": 34,
      "chain_name": "A",
      "nt_resnum": 34,
      "nt_name": "C",
      "nt_code": "C",
      "nt_id": "A.C34",
      "nt_type": "RNA",
      "dbn": ")",
      "summary": "anti,~C3'-endo,BI,canonical,non-pair-contact,helix,stem",
      "alpha": -61.99,
      "beta": 177.03,
      "gamma": 47.632,
      "delta": 85.338,
      "epsilon": -151.513,
      "zeta": -76.672,
      "epsilon_zeta": -74.841,
      "bb_type": "BI",
      "chi": -147.079,
      "glyco_bond": "anti",
      "C5prime_xyz": [
        -1.21,
        8.75,
        -0.074
      ],
      "P_xyz": [
        1.397,
        9.11,
        0.127
      ],
      "form": "A",
      "ssZp": 4.034,
      "Dp": 4.608,
      "splay_angle": 23.759,
      "splay_distance": 3.793,
      "splay_ratio": 0.206,
      "eta": 170.705,
      "theta": -148.188,
      "eta_prime": -178.143,
      "theta_prime": -144.432,
      "eta_base": -147.565,
      "theta_base": -123.259,
      "v0": 5.782,
      "v1": -25.173,
      "v2": 34.071,
      "v3": -31.454,
      "v4": 15.97,
      "amplitude": 34.488,
      "phase_angle": 8.926,
      "puckering": "C3'-endo",
      "sugar_class": "~C3'-endo",
      "bin": "33p",
      "cluster": "1a",
      "suiteness": 0.849,
      "filter_rmsd": 0.065,
      "frame": {
        "rmsd": 0.008,
        "origin": [
          16.678,
          -2.403,
          4.227
        ],
        "x_axis": [
          -0.613,
          -0.787,
          0.064
        ],
        "y_axis": [
          0.477,
          -0.434,
          -0.764
        ],
        "z_axis": [
          0.629,
          -0.438,
          0.642
        ],
        "quaternion": [
          -0.386,
          0.211,
          -0.366,
          0.82
        ]
      },
      "sse": {
        "sse": null
      },
      "binding_protein": null,
      "binding_ion": null,
      "binding_small-molecule": null,
      "TotalAsa": 164.07736411720947,
      "PolarAsa": 115.13526390689732,
      "ApolarAsa": 48.942100210312105,
      "id": "1raw.A.34"
    },
    {
      "index": 35,
      "index_chain": 35,
      "chain_name": "A",
      "nt_resnum": 35,
      "nt_name": "C",
      "nt_code": "C",
      "nt_id": "A.C35",
      "nt_type": "RNA",
      "dbn": ")",
      "summary": "anti,~C3'-endo,BI,canonical,non-pair-contact,helix,stem",
      "alpha": -65.112,
      "beta": -176.88,
      "gamma": 45.114,
      "delta": 86.469,
      "epsilon": -150.131,
      "zeta": -76.703,
      "epsilon_zeta": -73.429,
      "bb_type": "BI",
      "chi": -142.168,
      "glyco_bond": "anti",
      "C5prime_xyz": [
        -1.084,
        8.677,
        -0.375
      ],
      "P_xyz": [
        1.518,
        9.012,
        -0.067
      ],
      "form": ".",
      "ssZp": 3.804,
      "Dp": 4.627,
      "splay_angle": 23.382,
      "splay_distance": 3.769,
      "splay_ratio": 0.204,
      "eta": 171.057,
      "theta": -147.218,
      "eta_prime": 179.733,
      "theta_prime": -142.997,
      "eta_base": -152.45,
      "theta_base": -123.287,
      "v0": 8.197,
      "v1": -26.739,
      "v2": 34.117,
      "v3": -30.097,
      "v4": 13.633,
      "amplitude": 34.236,
      "phase_angle": 4.787,
      "puckering": "C3'-endo",
      "sugar_class": "~C3'-endo",
      "bin": "33p",
      "cluster": "1a",
      "suiteness": 0.792,
      "filter_rmsd": 0.066,
      "frame": {
        "rmsd": 0.008,
        "origin": [
          18.275,
          -4.326,
          7.08
        ],
        "x_axis": [
          -0.491,
          -0.668,
          -0.559
        ],
        "y_axis": [
          0.779,
          -0.049,
          -0.626
        ],
        "z_axis": [
          0.39,
          -0.743,
          0.544
        ],
        "quaternion": [
          0.501,
          0.058,
          0.474,
          -0.722
        ]
      },
      "sse": {
        "sse": null
      },
      "binding_protein": null,
      "binding_ion": null,
      "binding_small-molecule": null,
      "TotalAsa": 166.1891271960141,
      "PolarAsa": 116.44736920398526,
      "ApolarAsa": 49.74175799202885,
      "id": "1raw.A.35"
    },
    {
      "index": 36,
      "index_chain": 36,
      "chain_name": "A",
      "nt_resnum": 36,
      "nt_name": "C",
      "nt_code": "C",
      "nt_id": "A.C36",
      "nt_type": "RNA",
      "dbn": ")",
      "is_broken": true,
      "summary": "break,anti,~C3'-endo,canonical,non-pair-contact,helix-end,stem-end",
      "alpha": -65.159,
      "beta": 178.917,
      "gamma": 46.593,
      "delta": 86.481,
      "epsilon": null,
      "zeta": null,
      "epsilon_zeta": null,
      "bb_type": "--",
      "chi": -141.677,
      "glyco_bond": "anti",
      "C5prime_xyz": [
        -0.977,
        8.654,
        -0.418
      ],
      "P_xyz": [
        1.626,
        8.921,
        -0.071
      ],
      "form": "-",
      "ssZp": null,
      "Dp": null,
      "splay_angle": null,
      "splay_distance": null,
      "splay_ratio": null,
      "eta": null,
      "theta": null,
      "eta_prime": null,
      "theta_prime": null,
      "eta_base": null,
      "theta_base": null,
      "v0": 8.412,
      "v1": -26.89,
      "v2": 34.064,
      "v3": -30.01,
      "v4": 13.388,
      "amplitude": 34.165,
      "phase_angle": 4.416,
      "puckering": "C3'-endo",
      "sugar_class": "~C3'-endo",
      "bin": "33p",
      "cluster": "1a",
      "suiteness": 0.817,
      "filter_rmsd": 0.065,
      "frame": {
        "rmsd": 0.013,
        "origin": [
          19.22,
          -7.478,
          8.918
        ],
        "x_axis": [
          -0.205,
          -0.192,
          -0.96
        ],
        "y_axis": [
          0.952,
          0.188,
          -0.241
        ],
        "z_axis": [
          0.226,
          -0.963,
          0.144
        ],
        "quaternion": [
          0.531,
          0.34,
          0.559,
          -0.539
        ]
      },
      "sse": {
        "sse": null
      },
      "binding_protein": null,
      "binding_ion": null,
      "binding_small-molecule": null,
      "TotalAsa": 283.30607896465597,
      "PolarAsa": 192.80842819992904,
      "ApolarAsa": 90.49765076472687,
      "id": "1raw.A.36"
    },
    {
      "index": 37,
      "index_chain": 37,
      "chain_name": "A",
      "nt_resnum": 37,
      "nt_name": "AMP",
      "nt_code": "a",
      "is_modified": true,
      "nt_id": "A.AMP37",
      "nt_type": "RNA",
      "dbn": ".",
      "summary": "modified,anti,non-canonical,non-pair-contact,helix-end,ss-non-loop",
      "alpha": null,
      "beta": -131.774,
      "gamma": 162.363,
      "delta": 92.403,
      "epsilon": null,
      "zeta": null,
      "epsilon_zeta": null,
      "bb_type": "--",
      "chi": -155.058,
      "glyco_bond": "anti",
      "C5prime_xyz": [
        -2.251,
        8.795,
        0.566
      ],
      "P_xyz": [
        -0.718,
        9.808,
        -1.335
      ],
      "form": "-",
      "ssZp": null,
      "Dp": null,
      "splay_angle": null,
      "splay_distance": null,
      "splay_ratio": null,
      "eta": null,
      "theta": null,
      "eta_prime": null,
      "theta_prime": null,
      "eta_base": null,
      "theta_base": null,
      "v0": -24.423,
      "v1": 9.67,
      "v2": 7.846,
      "v3": -22.949,
      "v4": 29.644,
      "amplitude": 29.238,
      "phase_angle": 74.435,
      "puckering": "O4'-endo",
      "sugar_class": "--",
      "bin": "inc",
      "cluster": "__",
      "suiteness": 0.0,
      "filter_rmsd": 0.045,
      "frame": {
        "rmsd": 0.036,
        "origin": [
          2.95,
          -0.648,
          -3.627
        ],
        "x_axis": [
          0.297,
          -0.124,
          -0.947
        ],
        "y_axis": [
          -0.747,
          -0.648,
          -0.15
        ],
        "z_axis": [
          -0.595,
          0.752,
          -0.285
        ],
        "quaternion": [
          -0.302,
          0.747,
          -0.291,
          -0.516
        ]
      },
      "sse": {
        "sse": null
      },
      "binding_protein": null,
      "binding_ion": null,
      "binding_small-molecule": null,
      "TotalAsa": 0,
      "PolarAsa": 0,
      "ApolarAsa": 0,
      "id": "1raw.A.37"
    },
    {
      "index": 4,
      "index_chain": 4,
      "chain_name": "A",
      "nt_resnum": 4,
      "nt_name": "A",
      "nt_code": "A",
      "nt_id": "A.A4",
      "nt_type": "RNA",
      "dbn": "(",
      "summary": "anti,~C3'-endo,BI,canonical,non-pair-contact,helix,stem",
      "alpha": -59.081,
      "beta": 176.893,
      "gamma": 46.556,
      "delta": 83.961,
      "epsilon": -154.711,
      "zeta": -70.472,
      "epsilon_zeta": -84.239,
      "bb_type": "BI",
      "chi": -156.967,
      "glyco_bond": "anti",
      "C5prime_xyz": [
        -1.493,
        8.827,
        0.488
      ],
      "P_xyz": [
        0.996,
        9.532,
        0.915
      ],
      "form": "A",
      "ssZp": 4.386,
      "Dp": 4.55,
      "splay_angle": 23.335,
      "splay_distance": 3.639,
      "splay_ratio": 0.202,
      "eta": 167.643,
      "theta": -148.082,
      "eta_prime": -179.753,
      "theta_prime": -143.527,
      "eta_base": -147.305,
      "theta_base": -99.144,
      "v0": 2.192,
      "v1": -22.98,
      "v2": 34.104,
      "v3": -33.28,
      "v4": 19.6,
      "amplitude": 35.272,
      "phase_angle": 14.788,
      "puckering": "C3'-endo",
      "sugar_class": "~C3'-endo",
      "bin": "33p",
      "cluster": "1a",
      "suiteness": 0.854,
      "filter_rmsd": 0.041,
      "frame": {
        "rmsd": 0.026,
        "origin": [
          15.36,
          -1.871,
          1.332
        ],
        "x_axis": [
          -0.675,
          -0.566,
          0.474
        ],
        "y_axis": [
          -0.139,
          0.728,
          0.671
        ],
        "z_axis": [
          -0.725,
          0.387,
          -0.57
        ],
        "quaternion": [
          -0.348,
          -0.204,
          0.862,
          0.307
        ]
      },
      "sse": {
        "sse": null
      },
      "binding_protein": null,
      "binding_ion": null,
      "binding_small-molecule": null,
      "TotalAsa": 166.00040253845216,
      "PolarAsa": 119.75723293964143,
      "ApolarAsa": 46.24316959881071,
      "id": "1raw.A.4"
    },
    {
      "index": 5,
      "index_chain": 5,
      "chain_name": "A",
      "nt_resnum": 5,
      "nt_name": "A",
      "nt_code": "A",
      "nt_id": "A.A5",
      "nt_type": "RNA",
      "dbn": "(",
      "summary": "anti,~C3'-endo,canonical,non-pair-contact,helix,stem",
      "alpha": -61.802,
      "beta": 176.864,
      "gamma": 48.857,
      "delta": 86.261,
      "epsilon": 58.662,
      "zeta": 106.848,
      "epsilon_zeta": -48.186,
      "bb_type": "--",
      "chi": -157.395,
      "glyco_bond": "anti",
      "C5prime_xyz": [
        -1.31,
        8.639,
        0.518
      ],
      "P_xyz": [
        1.282,
        8.891,
        0.834
      ],
      "form": ".",
      "ssZp": 2.812,
      "Dp": 2.93,
      "splay_angle": 19.471,
      "splay_distance": 3.408,
      "splay_ratio": 0.172,
      "eta": -164.44,
      "theta": -114.14,
      "eta_prime": -143.188,
      "theta_prime": -117.819,
      "eta_base": -90.582,
      "theta_base": -98.098,
      "v0": 7.81,
      "v1": -26.543,
      "v2": 34.217,
      "v3": -30.217,
      "v4": 14.2,
      "amplitude": 34.373,
      "phase_angle": 5.458,
      "puckering": "C3'-endo",
      "sugar_class": "~C3'-endo",
      "bin": "33p",
      "cluster": "1a",
      "suiteness": 0.879,
      "filter_rmsd": 0.04,
      "frame": {
        "rmsd": 0.028,
        "origin": [
          11.873,
          -1.935,
          0.291
        ],
        "x_axis": [
          -0.545,
          0.029,
          0.838
        ],
        "y_axis": [
          0.294,
          0.943,
          0.158
        ],
        "z_axis": [
          -0.785,
          0.333,
          -0.522
        ],
        "quaternion": [
          -0.468,
          0.093,
          0.867,
          0.141
        ]
      },
      "sse": {
        "sse": null
      },
      "binding_protein": null,
      "binding_ion": null,
      "binding_small-molecule": null,
      "TotalAsa": 156.71499309804685,
      "PolarAsa": 122.3831576009639,
      "ApolarAsa": 34.33183549708289,
      "id": "1raw.A.5"
    },
    {
      "index": 6,
      "index_chain": 6,
      "chain_name": "A",
      "nt_resnum": 6,
      "nt_name": "G",
      "nt_code": "G",
      "nt_id": "A.G6",
      "nt_type": "RNA",
      "dbn": "(",
      "summary": "anti,BI,canonical,non-pair-contact,helix,stem-end,internal-loop,phosphate",
      "alpha": -98.589,
      "beta": 135.275,
      "gamma": 19.464,
      "delta": 98.493,
      "epsilon": -174.482,
      "zeta": -110.797,
      "epsilon_zeta": -63.685,
      "bb_type": "BI",
      "chi": -120.729,
      "glyco_bond": "anti",
      "C5prime_xyz": [
        -2.767,
        8.74,
        -1.527
      ],
      "P_xyz": [
        -0.478,
        10.111,
        -1.448
      ],
      "form": ".",
      "ssZp": 2.947,
      "Dp": 3.254,
      "splay_angle": 25.28,
      "splay_distance": 4.422,
      "splay_ratio": 0.219,
      "eta": 138.006,
      "theta": -174.28,
      "eta_prime": 176.096,
      "theta_prime": -177.244,
      "eta_base": -148.698,
      "theta_base": -174.407,
      "v0": -26.577,
      "v1": 15.409,
      "v2": 0.663,
      "v3": -16.527,
      "v4": 27.066,
      "amplitude": 27.814,
      "phase_angle": 88.634,
      "puckering": "O4'-endo",
      "sugar_class": "--",
      "bin": "trig",
      "cluster": "!!",
      "suiteness": 0.0,
      "filter_rmsd": 0.027,
      "frame": {
        "rmsd": 0.027,
        "origin": [
          8.707,
          -1.532,
          -0.904
        ],
        "x_axis": [
          -0.109,
          0.373,
          0.921
        ],
        "y_axis": [
          0.447,
          0.846,
          -0.289
        ],
        "z_axis": [
          -0.888,
          0.38,
          -0.259
        ],
        "quaternion": [
          0.608,
          -0.275,
          -0.744,
          -0.031
        ]
      },
      "sse": {
        "sse": null
      },
      "binding_protein": null,
      "binding_ion": null,
      "binding_small-molecule": null,
      "TotalAsa": 165.2816978498932,
      "PolarAsa": 112.0963016608441,
      "ApolarAsa": 53.1853961890491,
      "id": "1raw.A.6"
    },
    {
      "index": 7,
      "index_chain": 7,
      "chain_name": "A",
      "nt_resnum": 7,
      "nt_name": "G",
      "nt_code": "G",
      "nt_id": "A.G7",
      "nt_type": "RNA",
      "dbn": ".",
      "summary": "anti,~C2'-endo,BI,non-canonical,non-pair-contact,helix,internal-loop,phosphate",
      "alpha": -45.125,
      "beta": 160.069,
      "gamma": 42.036,
      "delta": 121.493,
      "epsilon": -156.27,
      "zeta": -50.121,
      "epsilon_zeta": -106.149,
      "bb_type": "BI",
      "chi": -132.341,
      "glyco_bond": "anti",
      "C5prime_xyz": [
        -2.772,
        8.867,
        -0.489
      ],
      "P_xyz": [
        -0.568,
        10.201,
        0.071
      ],
      "form": ".",
      "ssZp": 3.145,
      "Dp": 2.771,
      "splay_angle": 32.584,
      "splay_distance": 5.429,
      "splay_ratio": 0.281,
      "eta": 172.091,
      "theta": -85.714,
      "eta_prime": -178.174,
      "theta_prime": -104.275,
      "eta_base": -170.685,
      "theta_base": -37.027,
      "v0": -28.574,
      "v1": 30.364,
      "v2": -20.279,
      "v3": 3.721,
      "v4": 15.284,
      "amplitude": 30.594,
      "phase_angle": 131.518,
      "puckering": "C1'-exo",
      "sugar_class": "~C2'-endo",
      "bin": "32p",
      "cluster": "!!",
      "suiteness": 0.0,
      "filter_rmsd": 0.028,
      "frame": {
        "rmsd": 0.028,
        "origin": [
          5.227,
          -2.368,
          -3.502
        ],
        "x_axis": [
          0.119,
          0.392,
          0.912
        ],
        "y_axis": [
          0.515,
          0.761,
          -0.394
        ],
        "z_axis": [
          -0.849,
          0.517,
          -0.112
        ],
        "quaternion": [
          0.665,
          -0.343,
          -0.662,
          -0.046
        ]
      },
      "sse": {
        "sse": null
      },
      "binding_protein": null,
      "binding_ion": null,
      "binding_small-molecule": "",
      "TotalAsa": 192.60813541828898,
      "PolarAsa": 141.12484675954067,
      "ApolarAsa": 51.48328865874826,
      "id": "1raw.A.7"
    },
    {
      "index": 8,
      "index_chain": 8,
      "chain_name": "A",
      "nt_resnum": 8,
      "nt_name": "G",
      "nt_code": "G",
      "nt_id": "A.G8",
      "nt_type": "RNA",
      "dbn": ".",
      "summary": "u-turn,anti,~C3'-endo,BI,non-canonical,non-pair-contact,helix-end,internal-loop",
      "alpha": -119.678,
      "beta": 177.55,
      "gamma": 43.165,
      "delta": 83.088,
      "epsilon": 174.219,
      "zeta": -60.794,
      "epsilon_zeta": -124.987,
      "bb_type": "BI",
      "chi": -127.06,
      "glyco_bond": "anti",
      "C5prime_xyz": [
        -1.947,
        8.804,
        -1.113
      ],
      "P_xyz": [
        0.17,
        9.466,
        -2.569
      ],
      "form": ".",
      "ssZp": 3.446,
      "Dp": 4.418,
      "splay_angle": 76.059,
      "splay_distance": 10.654,
      "splay_ratio": 0.618,
      "eta": 104.646,
      "theta": -140.427,
      "eta_prime": 142.939,
      "theta_prime": -174.79,
      "eta_base": -123.182,
      "theta_base": 105.226,
      "v0": -1.126,
      "v1": -21.158,
      "v2": 33.878,
      "v3": -35.051,
      "v4": 22.469,
      "amplitude": 36.001,
      "phase_angle": 19.775,
      "puckering": "C3'-endo",
      "sugar_class": "~C3'-endo",
      "bin": "23p",
      "cluster": "!!",
      "suiteness": 0.0,
      "filter_rmsd": 0.033,
      "frame": {
        "rmsd": 0.033,
        "origin": [
          6.465,
          2.63,
          -1.78
        ],
        "x_axis": [
          0.8,
          0.595,
          -0.08
        ],
        "y_axis": [
          -0.248,
          0.206,
          -0.947
        ],
        "z_axis": [
          -0.547,
          0.777,
          0.312
        ],
        "quaternion": [
          0.761,
          -0.566,
          -0.153,
          0.277
        ]
      },
      "sse": {
        "sse": null
      },
      "binding_protein": null,
      "binding_ion": null,
      "binding_small-molecule": "",
      "TotalAsa": 154.92455353219717,
      "PolarAsa": 114.99906888381494,
      "ApolarAsa": 39.92548464838221,
      "id": "1raw.A.8"
    },
    {
      "index": 9,
      "index_chain": 9,
      "chain_name": "A",
      "nt_resnum": 9,
      "nt_name": "A",
      "nt_code": "A",
      "nt_id": "A.A9",
      "nt_type": "RNA",
      "dbn": ".",
      "summary": "turn,u-turn,anti,~C3'-endo,BI,non-pair-contact,internal-loop",
      "alpha": -179.809,
      "beta": -175.284,
      "gamma": 61.179,
      "delta": 90.375,
      "epsilon": 171.726,
      "zeta": -57.45,
      "epsilon_zeta": -130.824,
      "bb_type": "BI",
      "chi": -83.396,
      "glyco_bond": "anti",
      "C5prime_xyz": [
        -1.384,
        7.032,
        -3.374
      ],
      "P_xyz": [
        1.045,
        6.653,
        -4.407
      ],
      "form": ".",
      "ssZp": 0.592,
      "Dp": 4.163,
      "splay_angle": 18.633,
      "splay_distance": 3.262,
      "splay_ratio": 0.162,
      "eta": 67.842,
      "theta": -120.208,
      "eta_prime": 80.48,
      "theta_prime": -131.226,
      "eta_base": 31.772,
      "theta_base": -110.46,
      "v0": 6.938,
      "v1": -23.976,
      "v2": 30.916,
      "v3": -26.987,
      "v4": 12.632,
      "amplitude": 31.045,
      "phase_angle": 5.227,
      "puckering": "C3'-endo",
      "sugar_class": "~C3'-endo",
      "bin": "33p",
      "cluster": "1g",
      "suiteness": 0.101,
      "filter_rmsd": 0.055,
      "frame": {
        "rmsd": 0.041,
        "origin": [
          -3.484,
          1.681,
          -5.47
        ],
        "x_axis": [
          0.448,
          -0.665,
          -0.597
        ],
        "y_axis": [
          0.873,
          0.468,
          0.134
        ],
        "z_axis": [
          0.191,
          -0.581,
          0.791
        ],
        "quaternion": [
          0.823,
          0.217,
          0.239,
          -0.468
        ]
      },
      "sse": {
        "sse": null
      },
      "binding_protein": null,
      "binding_ion": null,
      "binding_small-molecule": null,
      "TotalAsa": 201.37251245058968,
      "PolarAsa": 149.04608893064002,
      "ApolarAsa": 52.326423519949614,
      "id": "1raw.A.9"
    }
  ],
  "links": [
    {
      "LW": "B53",
      "backbone": true,
      "source": "1raw.A.1",
      "target": "1raw.A.2"
    },
    {
      "index": 1,
      "nt1": "A.G1",
      "nt2": "A.C36",
      "bp": "G-C",
      "name": "WC",
      "Saenger": "19-XIX",
      "LW": "cWW",
      "DSSR": "cW-W",
      "source": "1raw.A.1",
      "target": "1raw.A.36"
    },
    {
      "LW": "B53",
      "backbone": true,
      "source": "1raw.A.10",
      "target": "1raw.A.11"
    },
    {
      "LW": "B35",
      "backbone": true,
      "source": "1raw.A.10",
      "target": "1raw.A.9"
    },
    {
      "index": 8,
      "nt1": "A.A10",
      "nt2": "A.G8",
      "bp": "A-G",
      "name": "--",
      "Saenger": "--",
      "LW": "tHS",
      "DSSR": "tm-M",
      "source": "1raw.A.10",
      "target": "1raw.A.8"
    },
    {
      "LW": "B53",
      "backbone": true,
      "source": "1raw.A.11",
      "target": "1raw.A.12"
    },
    {
      "LW": "B35",
      "backbone": true,
      "source": "1raw.A.11",
      "target": "1raw.A.10"
    },
    {
      "index": 7,
      "nt1": "A.G11",
      "nt2": "A.G7",
      "bp": "G-G",
      "name": "~rHoogsteen",
      "Saenger": "07-VII",
      "LW": "tHW",
      "DSSR": "tW-M",
      "source": "1raw.A.11",
      "target": "1raw.A.7"
    },
    {
      "LW": "B53",
      "backbone": true,
      "source": "1raw.A.12",
      "target": "1raw.A.13"
    },
    {
      "LW": "B35",
      "backbone": true,
      "source": "1raw.A.12",
      "target": "1raw.A.11"
    },
    {
      "LW": "B53",
      "backbone": true,
      "source": "1raw.A.13",
      "target": "1raw.A.14"
    },
    {
      "LW": "B35",
      "backbone": true,
      "source": "1raw.A.13",
      "target": "1raw.A.12"
    },
    {
      "LW": "B53",
      "backbone": true,
      "source": "1raw.A.14",
      "target": "1raw.A.15"
    },
    {
      "LW": "B35",
      "backbone": true,
      "source": "1raw.A.14",
      "target": "1raw.A.13"
    },
    {
      "LW": "B53",
      "backbone": true,
      "source": "1raw.A.15",
      "target": "1raw.A.16"
    },
    {
      "LW": "B35",
      "backbone": true,
      "source": "1raw.A.15",
      "target": "1raw.A.14"
    },
    {
      "LW": "B53",
      "backbone": true,
      "source": "1raw.A.16",
      "target": "1raw.A.17"
    },
    {
      "LW": "B35",
      "backbone": true,
      "source": "1raw.A.16",
      "target": "1raw.A.15"
    },
    {
      "LW": "B53",
      "backbone": true,
      "source": "1raw.A.17",
      "target": "1raw.A.18"
    },
    {
      "LW": "B35",
      "backbone": true,
      "source": "1raw.A.17",
      "target": "1raw.A.16"
    },
    {
      "index": 10,
      "nt1": "A.G17",
      "nt2": "A.G30",
      "bp": "G+G",
      "name": "--",
      "Saenger": "06-VI",
      "LW": "cWH",
      "DSSR": "cW+M",
      "source": "1raw.A.17",
      "target": "1raw.A.30"
    },
    {
      "LW": "B53",
      "backbone": true,
      "source": "1raw.A.18",
      "target": "1raw.A.19"
    },
    {
      "LW": "B35",
      "backbone": true,
      "source": "1raw.A.18",
      "target": "1raw.A.17"
    },
    {
      "index": 11,
      "nt1": "A.C18",
      "nt2": "A.G29",
      "bp": "C-G",
      "name": "WC",
      "Saenger": "19-XIX",
      "LW": "cWW",
      "DSSR": "cW-W",
      "source": "1raw.A.18",
      "target": "1raw.A.29"
    },
    {
      "LW": "B53",
      "backbone": true,
      "source": "1raw.A.19",
      "target": "1raw.A.20"
    },
    {
      "LW": "B35",
      "backbone": true,
      "source": "1raw.A.19",
      "target": "1raw.A.18"
    },
    {
      "index": 12,
      "nt1": "A.G19",
      "nt2": "A.C28",
      "bp": "G-C",
      "name": "WC",
      "Saenger": "19-XIX",
      "LW": "cWW",
      "DSSR": "cW-W",
      "source": "1raw.A.19",
      "target": "1raw.A.28"
    },
    {
      "LW": "B53",
      "backbone": true,
      "source": "1raw.A.2",
      "target": "1raw.A.3"
    },
    {
      "LW": "B35",
      "backbone": true,
      "source": "1raw.A.2",
      "target": "1raw.A.1"
    },
    {
      "index": 2,
      "nt1": "A.G2",
      "nt2": "A.C35",
      "bp": "G-C",
      "name": "WC",
      "Saenger": "19-XIX",
      "LW": "cWW",
      "DSSR": "cW-W",
      "source": "1raw.A.2",
      "target": "1raw.A.35"
    },
    {
      "LW": "B53",
      "backbone": true,
      "source": "1raw.A.20",
      "target": "1raw.A.21"
    },
    {
      "LW": "B35",
      "backbone": true,
      "source": "1raw.A.20",
      "target": "1raw.A.19"
    },
    {
      "index": 13,
      "nt1": "A.G20",
      "nt2": "A.C27",
      "bp": "G-C",
      "name": "WC",
      "Saenger": "19-XIX",
      "LW": "cWW",
      "DSSR": "cW-W",
      "source": "1raw.A.20",
      "target": "1raw.A.27"
    },
    {
      "LW": "B53",
      "backbone": true,
      "source": "1raw.A.21",
      "target": "1raw.A.22"
    },
    {
      "LW": "B35",
      "backbone": true,
      "source": "1raw.A.21",
      "target": "1raw.A.20"
    },
    {
      "index": 14,
      "nt1": "A.C21",
      "nt2": "A.G26",
      "bp": "C-G",
      "name": "WC",
      "Saenger": "19-XIX",
      "LW": "cWW",
      "DSSR": "cW-W",
      "source": "1raw.A.21",
      "target": "1raw.A.26"
    },
    {
      "LW": "B53",
      "backbone": true,
      "source": "1raw.A.22",
      "target": "1raw.A.23"
    },
    {
      "LW": "B35",
      "backbone": true,
      "source": "1raw.A.22",
      "target": "1raw.A.21"
    },
    {
      "LW": "B53",
      "backbone": true,
      "source": "1raw.A.23",
      "target": "1raw.A.24"
    },
    {
      "LW": "B35",
      "backbone": true,
      "source": "1raw.A.23",
      "target": "1raw.A.22"
    },
    {
      "LW": "B53",
      "backbone": true,
      "source": "1raw.A.24",
      "target": "1raw.A.25"
    },
    {
      "LW": "B35",
      "backbone": true,
      "source": "1raw.A.24",
      "target": "1raw.A.23"
    },
    {
      "LW": "B53",
      "backbone": true,
      "source": "1raw.A.25",
      "target": "1raw.A.26"
    },
    {
      "LW": "B35",
      "backbone": true,
      "source": "1raw.A.25",
      "target": "1raw.A.24"
    },
    {
      "LW": "B53",
      "backbone": true,
      "source": "1raw.A.26",
      "target": "1raw.A.27"
    },
    {
      "LW": "B35",
      "backbone": true,
      "source": "1raw.A.26",
      "target": "1raw.A.25"
    },
    {
      "index": 14,
      "nt1": "A.G26",
      "nt2": "A.C21",
      "bp": "G-C",
      "name": "WC",
      "Saenger": "19-XIX",
      "LW": "cWW",
      "DSSR": "cW-W",
      "source": "1raw.A.26",
      "target": "1raw.A.21"
    },
    {
      "LW": "B53",
      "backbone": true,
      "source": "1raw.A.27",
      "target": "1raw.A.28"
    },
    {
      "LW": "B35",
      "backbone": true,
      "source": "1raw.A.27",
      "target": "1raw.A.26"
    },
    {
      "index": 13,
      "nt1": "A.C27",
      "nt2": "A.G20",
      "bp": "C-G",
      "name": "WC",
      "Saenger": "19-XIX",
      "LW": "cWW",
      "DSSR": "cW-W",
      "source": "1raw.A.27",
      "target": "1raw.A.20"
    },
    {
      "LW": "B53",
      "backbone": true,
      "source": "1raw.A.28",
      "target": "1raw.A.29"
    },
    {
      "LW": "B35",
      "backbone": true,
      "source": "1raw.A.28",
      "target": "1raw.A.27"
    },
    {
      "index": 12,
      "nt1": "A.C28",
      "nt2": "A.G19",
      "bp": "C-G",
      "name": "WC",
      "Saenger": "19-XIX",
      "LW": "cWW",
      "DSSR": "cW-W",
      "source": "1raw.A.28",
      "target": "1raw.A.19"
    },
    {
      "LW": "B53",
      "backbone": true,
      "source": "1raw.A.29",
      "target": "1raw.A.30"
    },
    {
      "LW": "B35",
      "backbone": true,
      "source": "1raw.A.29",
      "target": "1raw.A.28"
    },
    {
      "index": 11,
      "nt1": "A.G29",
      "nt2": "A.C18",
      "bp": "G-C",
      "name": "WC",
      "Saenger": "19-XIX",
      "LW": "cWW",
      "DSSR": "cW-W",
      "source": "1raw.A.29",
      "target": "1raw.A.18"
    },
    {
      "LW": "B53",
      "backbone": true,
      "source": "1raw.A.3",
      "target": "1raw.A.4"
    },
    {
      "LW": "B35",
      "backbone": true,
      "source": "1raw.A.3",
      "target": "1raw.A.2"
    },
    {
      "index": 3,
      "nt1": "A.G3",
      "nt2": "A.C34",
      "bp": "G-C",
      "name": "WC",
      "Saenger": "19-XIX",
      "LW": "cWW",
      "DSSR": "cW-W",
      "source": "1raw.A.3",
      "target": "1raw.A.34"
    },
    {
      "LW": "B53",
      "backbone": true,
      "source": "1raw.A.30",
      "target": "1raw.A.31"
    },
    {
      "LW": "B35",
      "backbone": true,
      "source": "1raw.A.30",
      "target": "1raw.A.29"
    },
    {
      "index": 10,
      "nt1": "A.G30",
      "nt2": "A.G17",
      "bp": "G+G",
      "name": "--",
      "Saenger": "06-VI",
      "LW": "cHW",
      "DSSR": "cW+M",
      "source": "1raw.A.30",
      "target": "1raw.A.17"
    },
    {
      "LW": "B53",
      "backbone": true,
      "source": "1raw.A.31",
      "target": "1raw.A.32"
    },
    {
      "LW": "B35",
      "backbone": true,
      "source": "1raw.A.31",
      "target": "1raw.A.30"
    },
    {
      "index": 6,
      "nt1": "A.C31",
      "nt2": "A.G6",
      "bp": "C-G",
      "name": "WC",
      "Saenger": "19-XIX",
      "LW": "cWW",
      "DSSR": "cW-W",
      "source": "1raw.A.31",
      "target": "1raw.A.6"
    },
    {
      "LW": "B53",
      "backbone": true,
      "source": "1raw.A.32",
      "target": "1raw.A.33"
    },
    {
      "LW": "B35",
      "backbone": true,
      "source": "1raw.A.32",
      "target": "1raw.A.31"
    },
    {
      "index": 5,
      "nt1": "A.U32",
      "nt2": "A.A5",
      "bp": "U-A",
      "name": "WC",
      "Saenger": "20-XX",
      "LW": "cWW",
      "DSSR": "cW-W",
      "source": "1raw.A.32",
      "target": "1raw.A.5"
    },
    {
      "LW": "B53",
      "backbone": true,
      "source": "1raw.A.33",
      "target": "1raw.A.34"
    },
    {
      "LW": "B35",
      "backbone": true,
      "source": "1raw.A.33",
      "target": "1raw.A.32"
    },
    {
      "index": 4,
      "nt1": "A.U33",
      "nt2": "A.A4",
      "bp": "U-A",
      "name": "WC",
      "Saenger": "20-XX",
      "LW": "cWW",
      "DSSR": "cW-W",
      "source": "1raw.A.33",
      "target": "1raw.A.4"
    },
    {
      "LW": "B53",
      "backbone": true,
      "source": "1raw.A.34",
      "target": "1raw.A.35"
    },
    {
      "LW": "B35",
      "backbone": true,
      "source": "1raw.A.34",
      "target": "1raw.A.33"
    },
    {
      "index": 3,
      "nt1": "A.C34",
      "nt2": "A.G3",
      "bp": "C-G",
      "name": "WC",
      "Saenger": "19-XIX",
      "LW": "cWW",
      "DSSR": "cW-W",
      "source": "1raw.A.34",
      "target": "1raw.A.3"
    },
    {
      "LW": "B35",
      "backbone": true,
      "source": "1raw.A.35",
      "target": "1raw.A.34"
    },
    {
      "index": 2,
      "nt1": "A.C35",
      "nt2": "A.G2",
      "bp": "C-G",
      "name": "WC",
      "Saenger": "19-XIX",
      "LW": "cWW",
      "DSSR": "cW-W",
      "source": "1raw.A.35",
      "target": "1raw.A.2"
    },
    {
      "LW": "B53",
      "backbone": true,
      "source": "1raw.A.36",
      "target": "1raw.A.37"
    },
    {
      "index": 1,
      "nt1": "A.C36",
      "nt2": "A.G1",
      "bp": "C-G",
      "name": "WC",
      "Saenger": "19-XIX",
      "LW": "cWW",
      "DSSR": "cW-W",
      "source": "1raw.A.36",
      "target": "1raw.A.1"
    },
    {
      "LW": "B35",
      "backbone": true,
      "source": "1raw.A.37",
      "target": "1raw.A.36"
    },
    {
      "index": 9,
      "nt1": "A.AMP37",
      "nt2": "A.G8",
      "bp": "a+G",
      "name": "--",
      "Saenger": "--",
      "LW": "cWS",
      "DSSR": "cm+W",
      "source": "1raw.A.37",
      "target": "1raw.A.8"
    },
    {
      "LW": "B53",
      "backbone": true,
      "source": "1raw.A.4",
      "target": "1raw.A.5"
    },
    {
      "LW": "B35",
      "backbone": true,
      "source": "1raw.A.4",
      "target": "1raw.A.3"
    },
    {
      "index": 4,
      "nt1": "A.A4",
      "nt2": "A.U33",
      "bp": "A-U",
      "name": "WC",
      "Saenger": "20-XX",
      "LW": "cWW",
      "DSSR": "cW-W",
      "source": "1raw.A.4",
      "target": "1raw.A.33"
    },
    {
      "LW": "B53",
      "backbone": true,
      "source": "1raw.A.5",
      "target": "1raw.A.6"
    },
    {
      "LW": "B35",
      "backbone": true,
      "source": "1raw.A.5",
      "target": "1raw.A.4"
    },
    {
      "index": 5,
      "nt1": "A.A5",
      "nt2": "A.U32",
      "bp": "A-U",
      "name": "WC",
      "Saenger": "20-XX",
      "LW": "cWW",
      "DSSR": "cW-W",
      "source": "1raw.A.5",
      "target": "1raw.A.32"
    },
    {
      "LW": "B53",
      "backbone": true,
      "source": "1raw.A.6",
      "target": "1raw.A.7"
    },
    {
      "LW": "B35",
      "backbone": true,
      "source": "1raw.A.6",
      "target": "1raw.A.5"
    },
    {
      "index": 6,
      "nt1": "A.G6",
      "nt2": "A.C31",
      "bp": "G-C",
      "name": "WC",
      "Saenger": "19-XIX",
      "LW": "cWW",
      "DSSR": "cW-W",
      "source": "1raw.A.6",
      "target": "1raw.A.31"
    },
    {
      "LW": "B53",
      "backbone": true,
      "source": "1raw.A.7",
      "target": "1raw.A.8"
    },
    {
      "LW": "B35",
      "backbone": true,
      "source": "1raw.A.7",
      "target": "1raw.A.6"
    },
    {
      "index": 7,
      "nt1": "A.G7",
      "nt2": "A.G11",
      "bp": "G-G",
      "name": "~rHoogsteen",
      "Saenger": "07-VII",
      "LW": "tWH",
      "DSSR": "tW-M",
      "source": "1raw.A.7",
      "target": "1raw.A.11"
    },
    {
      "LW": "B53",
      "backbone": true,
      "source": "1raw.A.8",
      "target": "1raw.A.9"
    },
    {
      "LW": "B35",
      "backbone": true,
      "source": "1raw.A.8",
      "target": "1raw.A.7"
    },
    {
      "index": 8,
      "nt1": "A.G8",
      "nt2": "A.A10",
      "bp": "G-A",
      "name": "--",
      "Saenger": "--",
      "LW": "tSH",
      "DSSR": "tm-M",
      "source": "1raw.A.8",
      "target": "1raw.A.10"
    },
    {
      "index": 9,
      "nt1": "A.G8",
      "nt2": "A.AMP37",
      "bp": "G+a",
      "name": "--",
      "Saenger": "--",
      "LW": "cSW",
      "DSSR": "cm+W",
      "source": "1raw.A.8",
      "target": "1raw.A.37"
    },
    {
      "LW": "B53",
      "backbone": true,
      "source": "1raw.A.9",
      "target": "1raw.A.10"
    },
    {
      "LW": "B35",
      "backbone": true,
      "source": "1raw.A.9",
      "target": "1raw.A.8"
    }
  ]
}