{
  "directed": true,
  "multigraph": false,
  "graph": {
    "dbn": {
      "all_chains": {
        "num_nts": 36,
        "num_chars": 37,
        "bseq": "CGAGGAACUACUGUCUUCCC&GGUCGUGCAGCCUCGG",
        "sstr": "(((((.....(((((..((.&))..).))))))))).",
        "form": "AAAA......AAAAAA.AA-&A.A...AAA.AAAAA-"
      },
      "single_chains": {
        "m1_chain_A": {
          "num_nts": 20,
          "num_chars": 20,
          "bseq": "CGAGGAACUACUGUCUUCCC",
          "sstr": "(((((.....(((((..((.",
          "form": "AAAA......AAAAAA.AA-"
        },
        "m1_chain_B": {
          "num_nts": 16,
          "num_chars": 16,
          "bseq": "GGUCGUGCAGCCUCGG",
          "sstr": "))..).))))))))).",
          "form": "A.A...AAA.AAAAA-"
        }
      }
    },
    "resolution_low": "16.8",
    "resolution_high": "2.2"
  },
  "nodes": [
    {
      "index": 1,
      "index_chain": 1,
      "chain_name": "A",
      "nt_resnum": 48,
      "nt_name": "C",
      "nt_code": "C",
      "nt_id": "A.C48",
      "nt_type": "RNA",
      "dbn": "(",
      "summary": "anti,~C3'-endo,BI,canonical,non-pair-contact,helix-end,stem-end,coaxial-stack",
      "alpha": null,
      "beta": null,
      "gamma": 176.379,
      "delta": 81.521,
      "epsilon": -152.456,
      "zeta": -69.685,
      "epsilon_zeta": -82.772,
      "bb_type": "BI",
      "chi": -159.909,
      "glyco_bond": "anti",
      "C5prime_xyz": [
        -0.946,
        8.607,
        0.501
      ],
      "P_xyz": [
        null,
        null,
        null
      ],
      "form": "A",
      "ssZp": 4.492,
      "Dp": 4.696,
      "splay_angle": 24.733,
      "splay_distance": 3.832,
      "splay_ratio": 0.216,
      "eta": null,
      "theta": null,
      "eta_prime": null,
      "theta_prime": null,
      "eta_base": null,
      "theta_base": null,
      "v0": 9.197,
      "v1": -31.345,
      "v2": 40.421,
      "v3": -36.07,
      "v4": 17.026,
      "amplitude": 40.627,
      "phase_angle": 5.762,
      "puckering": "C3'-endo",
      "sugar_class": "~C3'-endo",
      "bin": "inc",
      "cluster": "__",
      "suiteness": 0.0,
      "filter_rmsd": 0.069,
      "frame": {
        "rmsd": 0.011,
        "origin": [
          5.8,
          -10.352,
          -27.94
        ],
        "x_axis": [
          -0.212,
          0.924,
          0.319
        ],
        "y_axis": [
          -0.907,
          -0.307,
          0.287
        ],
        "z_axis": [
          0.363,
          -0.229,
          0.903
        ],
        "quaternion": [
          0.588,
          0.219,
          0.019,
          0.778
        ]
      },
      "sse": {
        "sse": null
      },
      "binding_protein": null,
      "binding_ion": null,
      "binding_small-molecule": null,
      "TotalAsa": 208.48918454041817,
      "PolarAsa": 113.10826232388091,
      "ApolarAsa": 95.38092221653724,
      "id": "3tzr.A.48"
    },
    {
      "index": 2,
      "index_chain": 2,
      "chain_name": "A",
      "nt_resnum": 49,
      "nt_name": "G",
      "nt_code": "G",
      "nt_id": "A.G49",
      "nt_type": "RNA",
      "dbn": "(",
      "summary": "anti,~C3'-endo,BI,canonical,non-pair-contact,helix,stem,coaxial-stack",
      "alpha": -62.521,
      "beta": 172.864,
      "gamma": 58.695,
      "delta": 80.071,
      "epsilon": -150.555,
      "zeta": -74.948,
      "epsilon_zeta": -75.607,
      "bb_type": "BI",
      "chi": -164.001,
      "glyco_bond": "anti",
      "C5prime_xyz": [
        -1.228,
        8.697,
        0.801
      ],
      "P_xyz": [
        1.407,
        8.978,
        0.874
      ],
      "form": "A",
      "ssZp": 4.534,
      "Dp": 4.672,
      "splay_angle": 21.547,
      "splay_distance": 3.3,
      "splay_ratio": 0.187,
      "eta": 173.054,
      "theta": -147.846,
      "eta_prime": -172.3,
      "theta_prime": -146.855,
      "eta_base": -134.138,
      "theta_base": -116.219,
      "v0": 7.007,
      "v1": -29.764,
      "v2": 40.083,
      "v3": -36.944,
      "v4": 18.948,
      "amplitude": 40.562,
      "phase_angle": 8.811,
      "puckering": "C3'-endo",
      "sugar_class": "~C3'-endo",
      "bin": "33p",
      "cluster": "1a",
      "suiteness": 0.941,
      "filter_rmsd": 0.011,
      "frame": {
        "rmsd": 0.011,
        "origin": [
          8.084,
          -9.64,
          -24.947
        ],
        "x_axis": [
          -0.688,
          0.65,
          0.321
        ],
        "y_axis": [
          -0.651,
          -0.749,
          0.122
        ],
        "z_axis": [
          0.32,
          -0.125,
          0.939
        ],
        "quaternion": [
          0.354,
          0.175,
          -0.001,
          0.919
        ]
      },
      "sse": {
        "sse": null
      },
      "binding_protein": null,
      "binding_ion": "MG",
      "binding_small-molecule": null,
      "TotalAsa": 169.02503486199686,
      "PolarAsa": 132.4904158584478,
      "ApolarAsa": 36.534619003549054,
      "id": "3tzr.A.49"
    },
    {
      "index": 3,
      "index_chain": 3,
      "chain_name": "A",
      "nt_resnum": 50,
      "nt_name": "A",
      "nt_code": "A",
      "nt_id": "A.A50",
      "nt_type": "RNA",
      "dbn": "(",
      "summary": "anti,~C3'-endo,BI,canonical,non-pair-contact,helix,stem,coaxial-stack",
      "alpha": -61.53,
      "beta": 164.287,
      "gamma": 59.958,
      "delta": 79.337,
      "epsilon": -153.625,
      "zeta": -69.661,
      "epsilon_zeta": -83.964,
      "bb_type": "BI",
      "chi": -160.292,
      "glyco_bond": "anti",
      "C5prime_xyz": [
        -1.098,
        8.664,
        0.537
      ],
      "P_xyz": [
        1.529,
        8.771,
        0.238
      ],
      "form": "A",
      "ssZp": 4.441,
      "Dp": 4.66,
      "splay_angle": 23.079,
      "splay_distance": 3.576,
      "splay_ratio": 0.201,
      "eta": 168.124,
      "theta": -143.669,
      "eta_prime": -175.498,
      "theta_prime": -145.996,
      "eta_base": -127.325,
      "theta_base": -122.149,
      "v0": 6.927,
      "v1": -30.294,
      "v2": 41.042,
      "v3": -37.934,
      "v4": 19.643,
      "amplitude": 41.572,
      "phase_angle": 9.155,
      "puckering": "C3'-endo",
      "sugar_class": "~C3'-endo",
      "bin": "33p",
      "cluster": "1a",
      "suiteness": 0.89,
      "filter_rmsd": 0.04,
      "frame": {
        "rmsd": 0.01,
        "origin": [
          9.018,
          -8.616,
          -21.952
        ],
        "x_axis": [
          -0.904,
          0.104,
          0.416
        ],
        "y_axis": [
          -0.095,
          -0.995,
          0.043
        ],
        "z_axis": [
          0.418,
          -0.0,
          0.908
        ],
        "quaternion": [
          0.051,
          0.214,
          0.011,
          0.976
        ]
      },
      "sse": {
        "sse": null
      },
      "binding_protein": null,
      "binding_ion": null,
      "binding_small-molecule": null,
      "TotalAsa": 175.27849126514266,
      "PolarAsa": 132.9284516422308,
      "ApolarAsa": 42.35003962291184,
      "id": "3tzr.A.50"
    },
    {
      "index": 4,
      "index_chain": 4,
      "chain_name": "A",
      "nt_resnum": 51,
      "nt_name": "G",
      "nt_code": "G",
      "nt_id": "A.G51",
      "nt_type": "RNA",
      "dbn": "(",
      "summary": "anti,~C3'-endo,BI,canonical,non-pair-contact,helix,stem,coaxial-stack",
      "alpha": -63.49,
      "beta": 172.151,
      "gamma": 54.044,
      "delta": 79.738,
      "epsilon": -153.313,
      "zeta": -67.558,
      "epsilon_zeta": -85.755,
      "bb_type": "BI",
      "chi": -165.308,
      "glyco_bond": "anti",
      "C5prime_xyz": [
        -1.145,
        8.68,
        0.759
      ],
      "P_xyz": [
        1.485,
        8.935,
        0.733
      ],
      "form": "A",
      "ssZp": 4.612,
      "Dp": 4.709,
      "splay_angle": 23.729,
      "splay_distance": 3.706,
      "splay_ratio": 0.209,
      "eta": 166.195,
      "theta": -143.107,
      "eta_prime": -179.436,
      "theta_prime": -141.901,
      "eta_base": -135.74,
      "theta_base": -114.375,
      "v0": 6.385,
      "v1": -30.424,
      "v2": 41.525,
      "v3": -38.756,
      "v4": 20.556,
      "amplitude": 42.164,
      "phase_angle": 9.986,
      "puckering": "C3'-endo",
      "sugar_class": "~C3'-endo",
      "bin": "33p",
      "cluster": "1a",
      "suiteness": 0.967,
      "filter_rmsd": 0.01,
      "frame": {
        "rmsd": 0.01,
        "origin": [
          9.555,
          -7.252,
          -18.69
        ],
        "x_axis": [
          -0.83,
          -0.451,
          0.327
        ],
        "y_axis": [
          0.435,
          -0.892,
          -0.127
        ],
        "z_axis": [
          0.349,
          0.037,
          0.936
        ],
        "quaternion": [
          -0.232,
          0.177,
          -0.023,
          0.956
        ]
      },
      "sse": {
        "sse": null
      },
      "binding_protein": null,
      "binding_ion": null,
      "binding_small-molecule": "",
      "TotalAsa": 179.40021865744257,
      "PolarAsa": 135.9862619427103,
      "ApolarAsa": 43.41395671473222,
      "id": "3tzr.A.51"
    },
    {
      "index": 5,
      "index_chain": 5,
      "chain_name": "A",
      "nt_resnum": 52,
      "nt_name": "G",
      "nt_code": "G",
      "nt_id": "A.G52",
      "nt_type": "RNA",
      "dbn": "(",
      "summary": "anti,~C3'-endo,canonical,non-pair-contact,helix,stem-end,coaxial-stack,multiplet,bulge,A-minor",
      "alpha": -59.926,
      "beta": 175.398,
      "gamma": 53.916,
      "delta": 84.709,
      "epsilon": -123.494,
      "zeta": -84.426,
      "epsilon_zeta": -39.068,
      "bb_type": "--",
      "chi": -163.797,
      "glyco_bond": "anti",
      "C5prime_xyz": [
        -1.359,
        8.703,
        0.733
      ],
      "P_xyz": [
        1.25,
        9.076,
        0.926
      ],
      "form": ".",
      "ssZp": 4.457,
      "Dp": 4.749,
      "splay_angle": 40.688,
      "splay_distance": 6.835,
      "splay_ratio": 0.352,
      "eta": -178.831,
      "theta": -140.793,
      "eta_prime": -166.042,
      "theta_prime": -132.739,
      "eta_base": -125.88,
      "theta_base": -145.426,
      "v0": 4.754,
      "v1": -26.844,
      "v2": 37.281,
      "v3": -35.612,
      "v4": 19.548,
      "amplitude": 38.059,
      "phase_angle": 11.605,
      "puckering": "C3'-endo",
      "sugar_class": "~C3'-endo",
      "bin": "33p",
      "cluster": "1a",
      "suiteness": 0.933,
      "filter_rmsd": 0.014,
      "frame": {
        "rmsd": 0.014,
        "origin": [
          8.7,
          -6.571,
          -15.149
        ],
        "x_axis": [
          -0.457,
          -0.876,
          0.157
        ],
        "y_axis": [
          0.85,
          -0.481,
          -0.215
        ],
        "z_axis": [
          0.263,
          0.035,
          0.964
        ],
        "quaternion": [
          0.506,
          -0.123,
          0.053,
          -0.852
        ]
      },
      "sse": {
        "sse": "bulge_2"
      },
      "binding_protein": null,
      "binding_ion": null,
      "binding_small-molecule": "",
      "TotalAsa": 201.41526476231158,
      "PolarAsa": 153.51657298784994,
      "ApolarAsa": 47.898691774461646,
      "id": "3tzr.A.52"
    },
    {
      "index": 6,
      "index_chain": 6,
      "chain_name": "A",
      "nt_resnum": 53,
      "nt_name": "A",
      "nt_code": "A",
      "nt_id": "A.A53",
      "nt_type": "RNA",
      "dbn": ".",
      "summary": "turn,anti,~C2'-endo,non-stack,non-canonical,non-pair-contact,multiplet,bulge,splayed-apart",
      "alpha": -42.048,
      "beta": -149.254,
      "gamma": 32.812,
      "delta": 134.001,
      "epsilon": -114.621,
      "zeta": 65.637,
      "epsilon_zeta": 179.742,
      "bb_type": "--",
      "chi": -77.911,
      "glyco_bond": "anti",
      "C5prime_xyz": [
        -3.465,
        7.115,
        -2.901
      ],
      "P_xyz": [
        -2.279,
        9.229,
        -3.862
      ],
      "form": ".",
      "ssZp": 0.818,
      "Dp": 1.473,
      "splay_angle": 145.371,
      "splay_distance": 20.455,
      "splay_ratio": 0.955,
      "eta": -148.553,
      "theta": 86.08,
      "eta_prime": -142.667,
      "theta_prime": 70.294,
      "eta_base": -161.927,
      "theta_base": 75.879,
      "v0": -29.476,
      "v1": 36.397,
      "v2": -29.271,
      "v3": 13.181,
      "v4": 10.107,
      "amplitude": 35.681,
      "phase_angle": 145.12,
      "puckering": "C2'-endo",
      "sugar_class": "~C2'-endo",
      "bin": "32p",
      "cluster": "1[",
      "suiteness": 0.175,
      "filter_rmsd": 0.044,
      "frame": {
        "rmsd": 0.015,
        "origin": [
          8.894,
          -4.01,
          -8.815
        ],
        "x_axis": [
          -0.575,
          -0.812,
          0.098
        ],
        "y_axis": [
          0.816,
          -0.578,
          -0.001
        ],
        "z_axis": [
          0.057,
          0.08,
          0.995
        ],
        "quaternion": [
          -0.459,
          0.044,
          0.022,
          0.887
        ]
      },
      "sse": {
        "sse": "bulge_2"
      },
      "binding_protein": null,
      "binding_ion": null,
      "binding_small-molecule": "",
      "TotalAsa": 136.81340822970043,
      "PolarAsa": 104.09770593860804,
      "ApolarAsa": 32.71570229109238,
      "id": "3tzr.A.53"
    },
    {
      "index": 7,
      "index_chain": 7,
      "chain_name": "A",
      "nt_resnum": 54,
      "nt_name": "A",
      "nt_code": "A",
      "nt_id": "A.A54",
      "nt_type": "RNA",
      "dbn": ".",
      "summary": "turn,anti,~C2'-endo,non-stack,non-pair-contact,bulge,splayed-apart",
      "alpha": 168.535,
      "beta": -98.597,
      "gamma": -66.129,
      "delta": 153.523,
      "epsilon": -137.934,
      "zeta": 91.392,
      "epsilon_zeta": 130.674,
      "bb_type": "--",
      "chi": -105.392,
      "glyco_bond": "anti",
      "C5prime_xyz": [
        -1.99,
        8.123,
        -1.83
      ],
      "P_xyz": [
        -3.016,
        10.156,
        -3.198
      ],
      "form": ".",
      "ssZp": 1.393,
      "Dp": 1.519,
      "splay_angle": 132.051,
      "splay_distance": 17.921,
      "splay_ratio": 0.914,
      "eta": 45.805,
      "theta": 12.283,
      "eta_prime": 34.698,
      "theta_prime": 29.996,
      "eta_base": 21.57,
      "theta_base": 89.719,
      "v0": -16.611,
      "v1": 33.939,
      "v2": -37.269,
      "v3": 28.756,
      "v4": -7.826,
      "amplitude": 37.545,
      "phase_angle": 173.057,
      "puckering": "C2'-endo",
      "sugar_class": "~C2'-endo",
      "bin": "22m",
      "cluster": "!!",
      "suiteness": 0.0,
      "filter_rmsd": 0.039,
      "frame": {
        "rmsd": 0.011,
        "origin": [
          28.654,
          -1.151,
          -13.263
        ],
        "x_axis": [
          0.401,
          -0.812,
          -0.424
        ],
        "y_axis": [
          -0.884,
          -0.464,
          0.054
        ],
        "z_axis": [
          -0.24,
          0.353,
          -0.904
        ],
        "quaternion": [
          -0.09,
          0.832,
          -0.51,
          -0.2
        ]
      },
      "sse": {
        "sse": "bulge_2"
      },
      "binding_protein": null,
      "binding_ion": null,
      "binding_small-molecule": "",
      "TotalAsa": 373.42468397069894,
      "PolarAsa": 249.1981626353429,
      "ApolarAsa": 124.22652133535597,
      "id": "3tzr.A.54"
    },
    {
      "index": 8,
      "index_chain": 8,
      "chain_name": "A",
      "nt_resnum": 55,
      "nt_name": "C",
      "nt_code": "C",
      "nt_id": "A.C55",
      "nt_type": "RNA",
      "dbn": ".",
      "summary": "turn,anti,~C3'-endo,non-pair-contact,bulge,phosphate,splayed-apart",
      "alpha": -54.006,
      "beta": -159.953,
      "gamma": 48.326,
      "delta": 84.542,
      "epsilon": -159.587,
      "zeta": 47.955,
      "epsilon_zeta": 152.458,
      "bb_type": "--",
      "chi": -155.544,
      "glyco_bond": "anti",
      "C5prime_xyz": [
        -1.396,
        8.866,
        0.255
      ],
      "P_xyz": [
        0.972,
        9.591,
        1.15
      ],
      "form": ".",
      "ssZp": 4.249,
      "Dp": 4.467,
      "splay_angle": 25.492,
      "splay_distance": 4.136,
      "splay_ratio": 0.222,
      "eta": -137.592,
      "theta": -27.016,
      "eta_prime": -130.784,
      "theta_prime": -60.97,
      "eta_base": -163.51,
      "theta_base": -75.869,
      "v0": 1.506,
      "v1": -24.409,
      "v2": 36.452,
      "v3": -36.736,
      "v4": 22.239,
      "amplitude": 38.002,
      "phase_angle": 16.419,
      "puckering": "C3'-endo",
      "sugar_class": "~C3'-endo",
      "bin": "23p",
      "cluster": "0a",
      "suiteness": 0.01,
      "filter_rmsd": 0.065,
      "frame": {
        "rmsd": 0.006,
        "origin": [
          14.196,
          5.094,
          -4.709
        ],
        "x_axis": [
          0.55,
          0.78,
          -0.298
        ],
        "y_axis": [
          0.522,
          -0.6,
          -0.607
        ],
        "z_axis": [
          -0.652,
          0.178,
          -0.737
        ],
        "quaternion": [
          -0.231,
          0.85,
          0.383,
          -0.28
        ]
      },
      "sse": {
        "sse": "bulge_2"
      },
      "binding_protein": null,
      "binding_ion": null,
      "binding_small-molecule": "",
      "TotalAsa": 182.1982037605398,
      "PolarAsa": 133.13550713696685,
      "ApolarAsa": 49.06269662357294,
      "id": "3tzr.A.55"
    },
    {
      "index": 9,
      "index_chain": 9,
      "chain_name": "A",
      "nt_resnum": 56,
      "nt_name": "U",
      "nt_code": "U",
      "nt_id": "A.U56",
      "nt_type": "RNA",
      "dbn": ".",
      "summary": "anti,~C2'-endo,non-pair-contact,bulge,phosphate",
      "alpha": 161.195,
      "beta": 162.134,
      "gamma": 50.54,
      "delta": 141.802,
      "epsilon": -58.114,
      "zeta": 94.102,
      "epsilon_zeta": 207.784,
      "bb_type": "--",
      "chi": -133.027,
      "glyco_bond": "anti",
      "C5prime_xyz": [
        -1.996,
        8.768,
        -0.67
      ],
      "P_xyz": [
        0.332,
        9.526,
        0.326
      ],
      "form": ".",
      "ssZp": -0.208,
      "Dp": 0.107,
      "splay_angle": 81.581,
      "splay_distance": 12.241,
      "splay_ratio": 0.655,
      "eta": 78.121,
      "theta": 140.648,
      "eta_prime": 135.937,
      "theta_prime": 91.556,
      "eta_base": 154.606,
      "theta_base": 50.311,
      "v0": -26.272,
      "v1": 38.207,
      "v2": -35.032,
      "v3": 20.823,
      "v4": 3.229,
      "amplitude": 38.201,
      "phase_angle": 156.498,
      "puckering": "C2'-endo",
      "sugar_class": "~C2'-endo",
      "bin": "32p",
      "cluster": "5z",
      "suiteness": 0.838,
      "filter_rmsd": 0.099,
      "frame": {
        "rmsd": 0.013,
        "origin": [
          14.289,
          7.771,
          -7.86
        ],
        "x_axis": [
          -0.496,
          -0.322,
          0.806
        ],
        "y_axis": [
          -0.087,
          -0.906,
          -0.415
        ],
        "z_axis": [
          0.864,
          -0.276,
          0.421
        ],
        "quaternion": [
          -0.07,
          0.497,
          -0.206,
          0.84
        ]
      },
      "sse": {
        "sse": "bulge_2"
      },
      "binding_protein": null,
      "binding_ion": null,
      "binding_small-molecule": "",
      "TotalAsa": 76.92972110293275,
      "PolarAsa": 71.20369494885692,
      "ApolarAsa": 5.726026154075814,
      "id": "3tzr.A.56"
    },
    {
      "index": 10,
      "index_chain": 10,
      "chain_name": "A",
      "nt_resnum": 57,
      "nt_name": "A",
      "nt_code": "A",
      "nt_id": "A.A57",
      "nt_type": "RNA",
      "dbn": ".",
      "summary": "turn,anti,~C3'-endo,non-canonical,non-pair-contact,multiplet,bulge,A-minor,cap-acceptor",
      "alpha": 119.531,
      "beta": 174.911,
      "gamma": 48.298,
      "delta": 87.43,
      "epsilon": -108.128,
      "zeta": -48.176,
      "epsilon_zeta": -59.952,
      "bb_type": "--",
      "chi": -168.493,
      "glyco_bond": "anti",
      "C5prime_xyz": [
        -1.326,
        8.504,
        1.059
      ],
      "P_xyz": [
        1.261,
        8.576,
        1.675
      ],
      "form": ".",
      "ssZp": 4.456,
      "Dp": 4.738,
      "splay_angle": 18.387,
      "splay_distance": 3.434,
      "splay_ratio": 0.174,
      "eta": 61.367,
      "theta": -110.265,
      "eta_prime": 46.961,
      "theta_prime": -119.574,
      "eta_base": 41.124,
      "theta_base": -113.502,
      "v0": 8.188,
      "v1": -29.068,
      "v2": 37.578,
      "v3": -33.918,
      "v4": 16.278,
      "amplitude": 37.813,
      "phase_angle": 6.384,
      "puckering": "C3'-endo",
      "sugar_class": "~C3'-endo",
      "bin": "23p",
      "cluster": "!!",
      "suiteness": 0.0,
      "filter_rmsd": 0.037,
      "frame": {
        "rmsd": 0.013,
        "origin": [
          7.933,
          0.19,
          -15.068
        ],
        "x_axis": [
          0.427,
          -0.834,
          0.349
        ],
        "y_axis": [
          0.889,
          0.316,
          -0.332
        ],
        "z_axis": [
          0.167,
          0.452,
          0.876
        ],
        "quaternion": [
          0.809,
          -0.242,
          -0.056,
          -0.532
        ]
      },
      "sse": {
        "sse": "bulge_2"
      },
      "binding_protein": null,
      "binding_ion": null,
      "binding_small-molecule": "",
      "TotalAsa": 185.59068530063777,
      "PolarAsa": 126.68702340440619,
      "ApolarAsa": 58.903661896231576,
      "id": "3tzr.A.57"
    },
    {
      "index": 11,
      "index_chain": 11,
      "chain_name": "A",
      "nt_resnum": 58,
      "nt_name": "C",
      "nt_code": "C",
      "nt_id": "A.C58",
      "nt_type": "RNA",
      "dbn": "(",
      "summary": "anti,~C3'-endo,BI,canonical,non-pair-contact,helix,stem-end,coaxial-stack,bulge",
      "alpha": -99.421,
      "beta": 83.164,
      "gamma": 162.673,
      "delta": 88.899,
      "epsilon": -138.071,
      "zeta": -71.784,
      "epsilon_zeta": -66.287,
      "bb_type": "BI",
      "chi": -168.681,
      "glyco_bond": "anti",
      "C5prime_xyz": [
        -1.235,
        8.556,
        1.141
      ],
      "P_xyz": [
        -1.389,
        10.426,
        -0.746
      ],
      "form": "A",
      "ssZp": 4.463,
      "Dp": 4.589,
      "splay_angle": 22.345,
      "splay_distance": 3.644,
      "splay_ratio": 0.196,
      "eta": -168.363,
      "theta": 166.764,
      "eta_prime": -164.271,
      "theta_prime": -174.963,
      "eta_base": -139.967,
      "theta_base": -140.34,
      "v0": 5.958,
      "v1": -25.439,
      "v2": 34.141,
      "v3": -31.794,
      "v4": 16.328,
      "amplitude": 34.571,
      "phase_angle": 9.044,
      "puckering": "C3'-endo",
      "sugar_class": "~C3'-endo",
      "bin": "33t",
      "cluster": "1e",
      "suiteness": 0.01,
      "filter_rmsd": 0.067,
      "frame": {
        "rmsd": 0.008,
        "origin": [
          6.911,
          -0.241,
          -11.818
        ],
        "x_axis": [
          0.636,
          -0.669,
          0.384
        ],
        "y_axis": [
          0.759,
          0.632,
          -0.155
        ],
        "z_axis": [
          -0.139,
          0.39,
          0.91
        ],
        "quaternion": [
          0.891,
          -0.153,
          -0.147,
          -0.4
        ]
      },
      "sse": {
        "sse": "bulge_2"
      },
      "binding_protein": null,
      "binding_ion": null,
      "binding_small-molecule": "",
      "TotalAsa": 101.19425715341832,
      "PolarAsa": 93.63727830180373,
      "ApolarAsa": 7.556978851614592,
      "id": "3tzr.A.58"
    },
    {
      "index": 12,
      "index_chain": 12,
      "chain_name": "A",
      "nt_resnum": 59,
      "nt_name": "U",
      "nt_code": "U",
      "nt_id": "A.U59",
      "nt_type": "RNA",
      "dbn": "(",
      "summary": "anti,~C3'-endo,BI,canonical,non-pair-contact,helix,stem,coaxial-stack,multiplet",
      "alpha": -56.798,
      "beta": 178.149,
      "gamma": 31.9,
      "delta": 75.823,
      "epsilon": -166.306,
      "zeta": -70.704,
      "epsilon_zeta": -95.602,
      "bb_type": "BI",
      "chi": -153.102,
      "glyco_bond": "anti",
      "C5prime_xyz": [
        -1.485,
        8.771,
        0.113
      ],
      "P_xyz": [
        0.961,
        9.496,
        0.718
      ],
      "form": "A",
      "ssZp": 4.262,
      "Dp": 4.571,
      "splay_angle": 20.076,
      "splay_distance": 3.538,
      "splay_ratio": 0.186,
      "eta": 155.197,
      "theta": -136.028,
      "eta_prime": 171.926,
      "theta_prime": -142.364,
      "eta_base": -143.851,
      "theta_base": -121.138,
      "v0": 3.523,
      "v1": -28.15,
      "v2": 40.72,
      "v3": -39.694,
      "v4": 22.88,
      "amplitude": 41.94,
      "phase_angle": 13.851,
      "puckering": "C3'-endo",
      "sugar_class": "~C3'-endo",
      "bin": "33p",
      "cluster": "1a",
      "suiteness": 0.278,
      "filter_rmsd": 0.106,
      "frame": {
        "rmsd": 0.006,
        "origin": [
          6.32,
          -0.551,
          -8.235
        ],
        "x_axis": [
          0.972,
          -0.237,
          -0.003
        ],
        "y_axis": [
          0.227,
          0.934,
          -0.277
        ],
        "z_axis": [
          0.068,
          0.269,
          0.961
        ],
        "quaternion": [
          0.983,
          -0.139,
          0.018,
          -0.118
        ]
      },
      "sse": {
        "sse": null
      },
      "binding_protein": null,
      "binding_ion": null,
      "binding_small-molecule": "",
      "TotalAsa": 153.4477471692086,
      "PolarAsa": 110.77893060403419,
      "ApolarAsa": 42.66881656517444,
      "id": "3tzr.A.59"
    },
    {
      "index": 13,
      "index_chain": 13,
      "chain_name": "A",
      "nt_resnum": 60,
      "nt_name": "G",
      "nt_code": "G",
      "nt_id": "A.G60",
      "nt_type": "RNA",
      "dbn": "(",
      "summary": "anti,~C3'-endo,BI,canonical,non-pair-contact,helix,stem,coaxial-stack",
      "alpha": 149.744,
      "beta": -165.186,
      "gamma": -179.767,
      "delta": 87.464,
      "epsilon": -135.977,
      "zeta": -64.255,
      "epsilon_zeta": -71.722,
      "bb_type": "BI",
      "chi": -173.066,
      "glyco_bond": "anti",
      "C5prime_xyz": [
        -1.177,
        8.342,
        1.376
      ],
      "P_xyz": [
        0.356,
        10.135,
        0.237
      ],
      "form": "A",
      "ssZp": 4.648,
      "Dp": 4.714,
      "splay_angle": 25.214,
      "splay_distance": 4.008,
      "splay_ratio": 0.221,
      "eta": 168.957,
      "theta": -155.316,
      "eta_prime": -179.428,
      "theta_prime": -148.371,
      "eta_base": -141.746,
      "theta_base": -107.237,
      "v0": 10.679,
      "v1": -30.032,
      "v2": 36.92,
      "v3": -31.887,
      "v4": 13.399,
      "amplitude": 36.95,
      "phase_angle": 2.306,
      "puckering": "C3'-endo",
      "sugar_class": "~C3'-endo",
      "bin": "33t",
      "cluster": "1c",
      "suiteness": 0.913,
      "filter_rmsd": 0.018,
      "frame": {
        "rmsd": 0.018,
        "origin": [
          7.305,
          -1.871,
          -5.105
        ],
        "x_axis": [
          0.96,
          0.166,
          -0.226
        ],
        "y_axis": [
          -0.197,
          0.973,
          -0.12
        ],
        "z_axis": [
          0.2,
          0.16,
          0.967
        ],
        "quaternion": [
          0.987,
          -0.071,
          0.108,
          0.092
        ]
      },
      "sse": {
        "sse": null
      },
      "binding_protein": null,
      "binding_ion": null,
      "binding_small-molecule": null,
      "TotalAsa": 173.33151412274267,
      "PolarAsa": 139.40491409403316,
      "ApolarAsa": 33.92660002870951,
      "id": "3tzr.A.60"
    },
    {
      "index": 14,
      "index_chain": 14,
      "chain_name": "A",
      "nt_resnum": 61,
      "nt_name": "U",
      "nt_code": "U",
      "nt_id": "A.U61",
      "nt_type": "RNA",
      "dbn": "(",
      "summary": "anti,~C3'-endo,BI,canonical,non-pair-contact,helix,stem-end,coaxial-stack,bulge",
      "alpha": -62.459,
      "beta": 166.503,
      "gamma": 56.152,
      "delta": 79.705,
      "epsilon": -153.548,
      "zeta": -89.081,
      "epsilon_zeta": -64.467,
      "bb_type": "BI",
      "chi": -164.183,
      "glyco_bond": "anti",
      "C5prime_xyz": [
        -1.686,
        8.713,
        0.737
      ],
      "P_xyz": [
        0.857,
        9.319,
        0.749
      ],
      "form": "A",
      "ssZp": 4.499,
      "Dp": 4.592,
      "splay_angle": 22.818,
      "splay_distance": 3.556,
      "splay_ratio": 0.199,
      "eta": 163.544,
      "theta": -163.346,
      "eta_prime": -171.795,
      "theta_prime": -163.053,
      "eta_base": -112.832,
      "theta_base": -152.868,
      "v0": 0.64,
      "v1": -25.193,
      "v2": 38.785,
      "v3": -39.41,
      "v4": 24.479,
      "amplitude": 40.708,
      "phase_angle": 17.682,
      "puckering": "C3'-endo",
      "sugar_class": "~C3'-endo",
      "bin": "33p",
      "cluster": "1a",
      "suiteness": 0.823,
      "filter_rmsd": 0.093,
      "frame": {
        "rmsd": 0.013,
        "origin": [
          10.37,
          -1.666,
          -2.53
        ],
        "x_axis": [
          0.592,
          0.773,
          -0.228
        ],
        "y_axis": [
          -0.766,
          0.628,
          0.138
        ],
        "z_axis": [
          0.249,
          0.093,
          0.964
        ],
        "quaternion": [
          0.892,
          0.013,
          0.134,
          0.431
        ]
      },
      "sse": {
        "sse": "bulge_1"
      },
      "binding_protein": null,
      "binding_ion": null,
      "binding_small-molecule": null,
      "TotalAsa": 172.6904646835787,
      "PolarAsa": 122.73793925978539,
      "ApolarAsa": 49.952525423793304,
      "id": "3tzr.A.61"
    },
    {
      "index": 15,
      "index_chain": 15,
      "chain_name": "A",
      "nt_resnum": 62,
      "nt_name": "C",
      "nt_code": "C",
      "nt_id": "A.C62",
      "nt_type": "RNA",
      "dbn": "(",
      "summary": "anti,~C3'-endo,BI,isolated-canonical,non-pair-contact,helix,bulge,internal-loop",
      "alpha": -57.079,
      "beta": 169.218,
      "gamma": 49.161,
      "delta": 83.297,
      "epsilon": -160.139,
      "zeta": -65.591,
      "epsilon_zeta": -94.548,
      "bb_type": "BI",
      "chi": -157.134,
      "glyco_bond": "anti",
      "C5prime_xyz": [
        -1.366,
        8.719,
        0.355
      ],
      "P_xyz": [
        1.258,
        9.035,
        0.474
      ],
      "form": "A",
      "ssZp": 4.347,
      "Dp": 4.562,
      "splay_angle": 22.465,
      "splay_distance": 3.541,
      "splay_ratio": 0.196,
      "eta": 168.848,
      "theta": -142.879,
      "eta_prime": 175.749,
      "theta_prime": -143.188,
      "eta_base": -164.663,
      "theta_base": -115.672,
      "v0": 6.135,
      "v1": -28.283,
      "v2": 38.333,
      "v3": -35.86,
      "v4": 18.838,
      "amplitude": 38.896,
      "phase_angle": 9.753,
      "puckering": "C3'-endo",
      "sugar_class": "~C3'-endo",
      "bin": "33p",
      "cluster": "1a",
      "suiteness": 0.728,
      "filter_rmsd": 0.061,
      "frame": {
        "rmsd": 0.008,
        "origin": [
          12.058,
          -3.183,
          0.209
        ],
        "x_axis": [
          0.208,
          0.943,
          -0.259
        ],
        "y_axis": [
          -0.892,
          0.291,
          0.346
        ],
        "z_axis": [
          0.402,
          0.159,
          0.902
        ],
        "quaternion": [
          0.775,
          0.061,
          0.213,
          0.592
        ]
      },
      "sse": {
        "sse": "bulge_1"
      },
      "binding_protein": null,
      "binding_ion": null,
      "binding_small-molecule": null,
      "TotalAsa": 159.735826973546,
      "PolarAsa": 113.02356323737564,
      "ApolarAsa": 46.71226373617035,
      "id": "3tzr.A.62"
    },
    {
      "index": 16,
      "index_chain": 16,
      "chain_name": "A",
      "nt_resnum": 63,
      "nt_name": "U",
      "nt_code": "U",
      "nt_id": "A.U63",
      "nt_type": "RNA",
      "dbn": ".",
      "summary": "anti,~C3'-endo,BI,non-canonical,non-pair-contact,helix,internal-loop",
      "alpha": -67.318,
      "beta": 177.801,
      "gamma": 52.383,
      "delta": 81.453,
      "epsilon": -143.968,
      "zeta": -78.721,
      "epsilon_zeta": -65.246,
      "bb_type": "BI",
      "chi": -157.531,
      "glyco_bond": "anti",
      "C5prime_xyz": [
        -1.61,
        8.689,
        0.388
      ],
      "P_xyz": [
        0.975,
        9.157,
        0.571
      ],
      "form": "A",
      "ssZp": 4.331,
      "Dp": 4.681,
      "splay_angle": 26.766,
      "splay_distance": 4.241,
      "splay_ratio": 0.233,
      "eta": 169.22,
      "theta": -146.466,
      "eta_prime": -176.73,
      "theta_prime": -144.042,
      "eta_base": -133.635,
      "theta_base": -121.989,
      "v0": 5.432,
      "v1": -29.011,
      "v2": 40.275,
      "v3": -38.18,
      "v4": 20.66,
      "amplitude": 41.048,
      "phase_angle": 11.135,
      "puckering": "C3'-endo",
      "sugar_class": "~C3'-endo",
      "bin": "33p",
      "cluster": "1a",
      "suiteness": 0.887,
      "filter_rmsd": 0.11,
      "frame": {
        "rmsd": 0.015,
        "origin": [
          14.508,
          -1.875,
          2.405
        ],
        "x_axis": [
          -0.346,
          0.934,
          -0.094
        ],
        "y_axis": [
          -0.829,
          -0.257,
          0.497
        ],
        "z_axis": [
          0.44,
          0.25,
          0.863
        ],
        "quaternion": [
          0.561,
          0.11,
          0.238,
          0.785
        ]
      },
      "sse": {
        "sse": null
      },
      "binding_protein": null,
      "binding_ion": null,
      "binding_small-molecule": null,
      "TotalAsa": 159.8759120516283,
      "PolarAsa": 114.81222323987056,
      "ApolarAsa": 45.063688811757736,
      "id": "3tzr.A.63"
    },
    {
      "index": 17,
      "index_chain": 17,
      "chain_name": "A",
      "nt_resnum": 64,
      "nt_name": "U",
      "nt_code": "U",
      "nt_id": "A.U64",
      "nt_type": "RNA",
      "dbn": ".",
      "summary": "anti,~C3'-endo,BI,non-canonical,non-pair-contact,helix,internal-loop",
      "alpha": -69.1,
      "beta": 174.947,
      "gamma": 55.549,
      "delta": 82.714,
      "epsilon": -132.002,
      "zeta": -86.056,
      "epsilon_zeta": -45.946,
      "bb_type": "BI",
      "chi": -164.405,
      "glyco_bond": "anti",
      "C5prime_xyz": [
        -1.685,
        8.677,
        0.792
      ],
      "P_xyz": [
        0.872,
        9.222,
        1.098
      ],
      "form": ".",
      "ssZp": 4.43,
      "Dp": 4.669,
      "splay_angle": 19.59,
      "splay_distance": 3.066,
      "splay_ratio": 0.17,
      "eta": 171.874,
      "theta": -144.574,
      "eta_prime": -179.924,
      "theta_prime": -141.51,
      "eta_base": -149.125,
      "theta_base": -98.243,
      "v0": 3.393,
      "v1": -26.757,
      "v2": 38.651,
      "v3": -37.729,
      "v4": 21.706,
      "amplitude": 39.805,
      "phase_angle": 13.831,
      "puckering": "C3'-endo",
      "sugar_class": "~C3'-endo",
      "bin": "33p",
      "cluster": "1a",
      "suiteness": 0.941,
      "filter_rmsd": 0.101,
      "frame": {
        "rmsd": 0.01,
        "origin": [
          16.818,
          0.473,
          5.076
        ],
        "x_axis": [
          -0.838,
          0.514,
          -0.181
        ],
        "y_axis": [
          -0.535,
          -0.715,
          0.45
        ],
        "z_axis": [
          0.102,
          0.475,
          0.874
        ],
        "quaternion": [
          0.283,
          -0.022,
          0.25,
          0.926
        ]
      },
      "sse": {
        "sse": null
      },
      "binding_protein": null,
      "binding_ion": null,
      "binding_small-molecule": null,
      "TotalAsa": 150.96730607789044,
      "PolarAsa": 105.53394987308775,
      "ApolarAsa": 45.43335620480272,
      "id": "3tzr.A.64"
    },
    {
      "index": 18,
      "index_chain": 18,
      "chain_name": "A",
      "nt_resnum": 65,
      "nt_name": "C",
      "nt_code": "C",
      "nt_id": "A.C65",
      "nt_type": "RNA",
      "dbn": "(",
      "summary": "anti,~C3'-endo,BI,canonical,non-pair-contact,helix,stem-end,coaxial-stack,internal-loop",
      "alpha": -64.383,
      "beta": 148.678,
      "gamma": 61.47,
      "delta": 81.805,
      "epsilon": -147.142,
      "zeta": -80.128,
      "epsilon_zeta": -67.015,
      "bb_type": "BI",
      "chi": -159.387,
      "glyco_bond": "anti",
      "C5prime_xyz": [
        -1.563,
        8.721,
        0.478
      ],
      "P_xyz": [
        0.969,
        8.901,
        -0.266
      ],
      "form": "A",
      "ssZp": 4.43,
      "Dp": 4.668,
      "splay_angle": 23.94,
      "splay_distance": 3.836,
      "splay_ratio": 0.211,
      "eta": 156.446,
      "theta": -143.947,
      "eta_prime": 176.31,
      "theta_prime": -148.813,
      "eta_base": -122.801,
      "theta_base": -134.734,
      "v0": 5.146,
      "v1": -28.985,
      "v2": 40.599,
      "v3": -38.573,
      "v4": 21.045,
      "amplitude": 41.435,
      "phase_angle": 11.529,
      "puckering": "C3'-endo",
      "sugar_class": "~C3'-endo",
      "bin": "33p",
      "cluster": "1a",
      "suiteness": 0.564,
      "filter_rmsd": 0.057,
      "frame": {
        "rmsd": 0.01,
        "origin": [
          15.896,
          2.659,
          7.019
        ],
        "x_axis": [
          -0.992,
          -0.043,
          0.119
        ],
        "y_axis": [
          0.111,
          -0.746,
          0.657
        ],
        "z_axis": [
          0.061,
          0.665,
          0.744
        ],
        "quaternion": [
          -0.041,
          0.048,
          0.354,
          0.933
        ]
      },
      "sse": {
        "sse": null
      },
      "binding_protein": null,
      "binding_ion": null,
      "binding_small-molecule": null,
      "TotalAsa": 177.4617253258963,
      "PolarAsa": 120.44905213077101,
      "ApolarAsa": 57.0126731951253,
      "id": "3tzr.A.65"
    },
    {
      "index": 19,
      "index_chain": 19,
      "chain_name": "A",
      "nt_resnum": 66,
      "nt_name": "C",
      "nt_code": "C",
      "nt_id": "A.C66",
      "nt_type": "RNA",
      "dbn": "(",
      "summary": "anti,~C3'-endo,BI,canonical,non-pair-contact,helix-end,stem-end,coaxial-stack",
      "alpha": -61.181,
      "beta": 170.808,
      "gamma": 56.324,
      "delta": 78.776,
      "epsilon": -148.806,
      "zeta": -69.945,
      "epsilon_zeta": -78.86,
      "bb_type": "BI",
      "chi": -159.248,
      "glyco_bond": "anti",
      "C5prime_xyz": [
        -1.551,
        8.82,
        0.443
      ],
      "P_xyz": [
        1.004,
        9.378,
        0.54
      ],
      "form": "A",
      "ssZp": 4.351,
      "Dp": 4.619,
      "splay_angle": 23.77,
      "splay_distance": 4.012,
      "splay_ratio": 0.213,
      "eta": 170.326,
      "theta": -143.761,
      "eta_prime": -179.581,
      "theta_prime": -144.666,
      "eta_base": -149.326,
      "theta_base": -125.863,
      "v0": 0.871,
      "v1": -25.921,
      "v2": 39.623,
      "v3": -40.157,
      "v4": 24.723,
      "amplitude": 41.511,
      "phase_angle": 17.346,
      "puckering": "C3'-endo",
      "sugar_class": "~C3'-endo",
      "bin": "33p",
      "cluster": "1a",
      "suiteness": 0.922,
      "filter_rmsd": 0.054,
      "frame": {
        "rmsd": 0.015,
        "origin": [
          15.148,
          6.103,
          8.532
        ],
        "x_axis": [
          -0.806,
          -0.541,
          0.241
        ],
        "y_axis": [
          0.566,
          -0.583,
          0.584
        ],
        "z_axis": [
          -0.175,
          0.607,
          0.775
        ],
        "quaternion": [
          -0.311,
          0.019,
          0.335,
          0.889
        ]
      },
      "sse": {
        "sse": null
      },
      "binding_protein": null,
      "binding_ion": null,
      "binding_small-molecule": null,
      "TotalAsa": 172.97320915680234,
      "PolarAsa": 122.78971190820408,
      "ApolarAsa": 50.18349724859826,
      "id": "3tzr.A.66"
    },
    {
      "index": 20,
      "index_chain": 20,
      "chain_name": "A",
      "nt_resnum": 67,
      "nt_name": "C",
      "nt_code": "C",
      "nt_id": "A.C67",
      "nt_type": "RNA",
      "dbn": ".",
      "summary": "anti,~C3'-endo,non-pair-contact,ss-non-loop",
      "alpha": -57.904,
      "beta": -178.8,
      "gamma": 42.783,
      "delta": 75.469,
      "epsilon": null,
      "zeta": null,
      "epsilon_zeta": null,
      "bb_type": "--",
      "chi": -157.216,
      "glyco_bond": "anti",
      "C5prime_xyz": [
        -1.771,
        8.925,
        0.253
      ],
      "P_xyz": [
        0.623,
        9.899,
        0.684
      ],
      "form": "-",
      "ssZp": null,
      "Dp": null,
      "splay_angle": null,
      "splay_distance": null,
      "splay_ratio": null,
      "eta": null,
      "theta": null,
      "eta_prime": null,
      "theta_prime": null,
      "eta_base": null,
      "theta_base": null,
      "v0": -2.316,
      "v1": -23.489,
      "v2": 38.875,
      "v3": -41.135,
      "v4": 27.433,
      "amplitude": 41.814,
      "phase_angle": 21.61,
      "puckering": "C3'-endo",
      "sugar_class": "~C3'-endo",
      "bin": "33p",
      "cluster": "1a",
      "suiteness": 0.731,
      "filter_rmsd": 0.063,
      "frame": {
        "rmsd": 0.013,
        "origin": [
          12.678,
          8.711,
          10.318
        ],
        "x_axis": [
          -0.4,
          -0.862,
          0.311
        ],
        "y_axis": [
          0.865,
          -0.243,
          0.439
        ],
        "z_axis": [
          -0.303,
          0.445,
          0.843
        ],
        "quaternion": [
          0.548,
          -0.002,
          -0.28,
          -0.788
        ]
      },
      "sse": {
        "sse": null
      },
      "binding_protein": null,
      "binding_ion": null,
      "binding_small-molecule": null,
      "TotalAsa": 312.71799663781167,
      "PolarAsa": 231.21235053959452,
      "ApolarAsa": 81.50564609821711,
      "id": "3tzr.A.67"
    },
    {
      "index": 21,
      "index_chain": 1,
      "chain_name": "B",
      "nt_resnum": 101,
      "nt_name": "G",
      "nt_code": "G",
      "nt_id": "B.G101",
      "nt_type": "RNA",
      "dbn": ")",
      "summary": "anti,~C3'-endo,BI,canonical,non-pair-contact,helix-end,stem-end,coaxial-stack",
      "alpha": null,
      "beta": null,
      "gamma": 58.416,
      "delta": 82.718,
      "epsilon": -141.985,
      "zeta": -71.538,
      "epsilon_zeta": -70.446,
      "bb_type": "BI",
      "chi": -169.423,
      "glyco_bond": "anti",
      "C5prime_xyz": [
        -1.14,
        8.532,
        1.051
      ],
      "P_xyz": [
        null,
        null,
        null
      ],
      "form": "A",
      "ssZp": 4.687,
      "Dp": 4.764,
      "splay_angle": 24.14,
      "splay_distance": 3.937,
      "splay_ratio": 0.218,
      "eta": null,
      "theta": null,
      "eta_prime": null,
      "theta_prime": null,
      "eta_base": null,
      "theta_base": null,
      "v0": 8.544,
      "v1": -31.12,
      "v2": 40.647,
      "v3": -36.677,
      "v4": 17.797,
      "amplitude": 40.931,
      "phase_angle": 6.751,
      "puckering": "C3'-endo",
      "sugar_class": "~C3'-endo",
      "bin": "inc",
      "cluster": "__",
      "suiteness": 0.0,
      "filter_rmsd": 0.008,
      "frame": {
        "rmsd": 0.008,
        "origin": [
          15.289,
          6.16,
          8.746
        ],
        "x_axis": [
          -0.764,
          -0.633,
          0.124
        ],
        "y_axis": [
          -0.601,
          0.628,
          -0.495
        ],
        "z_axis": [
          0.236,
          -0.453,
          -0.86
        ],
        "quaternion": [
          0.031,
          -0.342,
          0.902,
          -0.263
        ]
      },
      "sse": {
        "sse": null
      },
      "binding_protein": null,
      "binding_ion": "SO4",
      "binding_small-molecule": null,
      "TotalAsa": 217.06436499101315,
      "PolarAsa": 124.57259585496627,
      "ApolarAsa": 92.49176913604684,
      "id": "3tzr.B.101"
    },
    {
      "index": 22,
      "index_chain": 2,
      "chain_name": "B",
      "nt_resnum": 102,
      "nt_name": "G",
      "nt_code": "G",
      "nt_id": "B.G102",
      "nt_type": "RNA",
      "dbn": ")",
      "summary": "anti,~C3'-endo,BI,canonical,non-pair-contact,helix,stem-end,coaxial-stack,internal-loop",
      "alpha": -62.779,
      "beta": 168.803,
      "gamma": 59.434,
      "delta": 76.452,
      "epsilon": -149.918,
      "zeta": -68.062,
      "epsilon_zeta": -81.856,
      "bb_type": "BI",
      "chi": -168.842,
      "glyco_bond": "anti",
      "C5prime_xyz": [
        -1.688,
        8.746,
        0.985
      ],
      "P_xyz": [
        0.82,
        9.515,
        0.937
      ],
      "form": ".",
      "ssZp": 4.698,
      "Dp": 4.714,
      "splay_angle": 27.783,
      "splay_distance": 4.259,
      "splay_ratio": 0.243,
      "eta": 166.228,
      "theta": -140.995,
      "eta_prime": -177.176,
      "theta_prime": -137.191,
      "eta_base": -136.138,
      "theta_base": -91.489,
      "v0": 1.599,
      "v1": -27.337,
      "v2": 41.037,
      "v3": -41.095,
      "v4": 25.014,
      "amplitude": 42.778,
      "phase_angle": 16.401,
      "puckering": "C3'-endo",
      "sugar_class": "~C3'-endo",
      "bin": "33p",
      "cluster": "1a",
      "suiteness": 0.886,
      "filter_rmsd": 0.01,
      "frame": {
        "rmsd": 0.01,
        "origin": [
          16.06,
          2.575,
          7.312
        ],
        "x_axis": [
          -0.975,
          -0.201,
          -0.098
        ],
        "y_axis": [
          -0.114,
          0.822,
          -0.557
        ],
        "z_axis": [
          0.193,
          -0.532,
          -0.824
        ],
        "quaternion": [
          0.076,
          -0.083,
          0.951,
          -0.286
        ]
      },
      "sse": {
        "sse": null
      },
      "binding_protein": null,
      "binding_ion": null,
      "binding_small-molecule": null,
      "TotalAsa": 173.58790002963613,
      "PolarAsa": 136.97659332260568,
      "ApolarAsa": 36.61130670703045,
      "id": "3tzr.B.102"
    },
    {
      "index": 23,
      "index_chain": 3,
      "chain_name": "B",
      "nt_resnum": 103,
      "nt_name": "U",
      "nt_code": "U",
      "nt_id": "B.U103",
      "nt_type": "RNA",
      "dbn": ".",
      "summary": "anti,~C3'-endo,BI,non-canonical,non-pair-contact,helix,internal-loop",
      "alpha": -51.873,
      "beta": 170.263,
      "gamma": 52.73,
      "delta": 86.374,
      "epsilon": -152.276,
      "zeta": -78.746,
      "epsilon_zeta": -73.531,
      "bb_type": "BI",
      "chi": -161.32,
      "glyco_bond": "anti",
      "C5prime_xyz": [
        -1.496,
        8.675,
        0.619
      ],
      "P_xyz": [
        1.115,
        8.977,
        0.985
      ],
      "form": "A",
      "ssZp": 4.3,
      "Dp": 4.503,
      "splay_angle": 18.036,
      "splay_distance": 2.875,
      "splay_ratio": 0.157,
      "eta": 177.416,
      "theta": -145.542,
      "eta_prime": -161.756,
      "theta_prime": -146.444,
      "eta_base": -99.227,
      "theta_base": -118.649,
      "v0": 4.639,
      "v1": -26.298,
      "v2": 36.563,
      "v3": -34.976,
      "v4": 19.187,
      "amplitude": 37.334,
      "phase_angle": 11.662,
      "puckering": "C3'-endo",
      "sugar_class": "~C3'-endo",
      "bin": "33p",
      "cluster": "1a",
      "suiteness": 0.774,
      "filter_rmsd": 0.109,
      "frame": {
        "rmsd": 0.009,
        "origin": [
          13.653,
          0.137,
          4.783
        ],
        "x_axis": [
          -0.74,
          0.498,
          -0.452
        ],
        "y_axis": [
          0.664,
          0.646,
          -0.375
        ],
        "z_axis": [
          0.105,
          -0.578,
          -0.809
        ],
        "quaternion": [
          0.156,
          0.325,
          0.894,
          -0.267
        ]
      },
      "sse": {
        "sse": null
      },
      "binding_protein": null,
      "binding_ion": null,
      "binding_small-molecule": null,
      "TotalAsa": 157.65035563156886,
      "PolarAsa": 115.7554602275848,
      "ApolarAsa": 41.89489540398402,
      "id": "3tzr.B.103"
    },
    {
      "index": 24,
      "index_chain": 4,
      "chain_name": "B",
      "nt_resnum": 104,
      "nt_name": "C",
      "nt_code": "C",
      "nt_id": "B.C104",
      "nt_type": "RNA",
      "dbn": ".",
      "summary": "anti,~C3'-endo,BI,non-canonical,non-pair-contact,helix,internal-loop",
      "alpha": -51.548,
      "beta": 165.323,
      "gamma": 44.492,
      "delta": 84.793,
      "epsilon": -147.425,
      "zeta": -74.341,
      "epsilon_zeta": -73.084,
      "bb_type": "BI",
      "chi": -145.976,
      "glyco_bond": "anti",
      "C5prime_xyz": [
        -1.236,
        8.797,
        -0.303
      ],
      "P_xyz": [
        1.379,
        9.135,
        -0.295
      ],
      "form": ".",
      "ssZp": 3.84,
      "Dp": 4.534,
      "splay_angle": 18.283,
      "splay_distance": 3.014,
      "splay_ratio": 0.159,
      "eta": 170.97,
      "theta": -141.973,
      "eta_prime": -175.704,
      "theta_prime": -133.96,
      "eta_base": -134.599,
      "theta_base": -127.482,
      "v0": 3.959,
      "v1": -26.32,
      "v2": 37.297,
      "v3": -36.13,
      "v4": 20.333,
      "amplitude": 38.255,
      "phase_angle": 12.85,
      "puckering": "C3'-endo",
      "sugar_class": "~C3'-endo",
      "bin": "33p",
      "cluster": "1a",
      "suiteness": 0.702,
      "filter_rmsd": 0.064,
      "frame": {
        "rmsd": 0.011,
        "origin": [
          12.902,
          -1.784,
          2.779
        ],
        "x_axis": [
          -0.235,
          0.731,
          -0.641
        ],
        "y_axis": [
          0.969,
          0.126,
          -0.212
        ],
        "z_axis": [
          -0.075,
          -0.671,
          -0.738
        ],
        "quaternion": [
          0.196,
          0.587,
          0.724,
          -0.305
        ]
      },
      "sse": {
        "sse": null
      },
      "binding_protein": null,
      "binding_ion": null,
      "binding_small-molecule": null,
      "TotalAsa": 160.57288861542756,
      "PolarAsa": 116.40040010812851,
      "ApolarAsa": 44.17248850729906,
      "id": "3tzr.B.104"
    },
    {
      "index": 25,
      "index_chain": 5,
      "chain_name": "B",
      "nt_resnum": 105,
      "nt_name": "G",
      "nt_code": "G",
      "nt_id": "B.G105",
      "nt_type": "RNA",
      "dbn": ")",
      "summary": "anti,~C2'-endo,isolated-canonical,non-pair-contact,helix,bulge,internal-loop,splayed-apart",
      "alpha": -56.14,
      "beta": 178.56,
      "gamma": 55.152,
      "delta": 148.518,
      "epsilon": -117.121,
      "zeta": -90.992,
      "epsilon_zeta": -26.129,
      "bb_type": "--",
      "chi": -107.044,
      "glyco_bond": "anti",
      "C5prime_xyz": [
        -2.436,
        8.251,
        -1.858
      ],
      "P_xyz": [
        -0.02,
        9.299,
        -1.888
      ],
      "form": ".",
      "ssZp": 1.424,
      "Dp": 1.366,
      "splay_angle": 122.8,
      "splay_distance": 16.548,
      "splay_ratio": 0.878,
      "eta": -172.228,
      "theta": -54.456,
      "eta_prime": -142.504,
      "theta_prime": -112.238,
      "eta_base": -134.877,
      "theta_base": -158.422,
      "v0": -23.568,
      "v1": 36.401,
      "v2": -34.687,
      "v3": 22.139,
      "v4": 0.762,
      "amplitude": 36.884,
      "phase_angle": 160.124,
      "puckering": "C2'-endo",
      "sugar_class": "~C2'-endo",
      "bin": "32p",
      "cluster": "1b",
      "suiteness": 0.943,
      "filter_rmsd": 0.014,
      "frame": {
        "rmsd": 0.014,
        "origin": [
          11.932,
          -3.475,
          0.481
        ],
        "x_axis": [
          0.142,
          0.923,
          -0.357
        ],
        "y_axis": [
          0.936,
          -0.242,
          -0.254
        ],
        "z_axis": [
          -0.321,
          -0.299,
          -0.899
        ],
        "quaternion": [
          0.015,
          0.755,
          0.615,
          -0.224
        ]
      },
      "sse": {
        "sse": "bulge_1"
      },
      "binding_protein": null,
      "binding_ion": null,
      "binding_small-molecule": null,
      "TotalAsa": 170.5651909558009,
      "PolarAsa": 118.52544976301867,
      "ApolarAsa": 52.039741192782216,
      "id": "3tzr.B.105"
    },
    {
      "index": 26,
      "index_chain": 6,
      "chain_name": "B",
      "nt_resnum": 106,
      "nt_name": "U",
      "nt_code": "U",
      "nt_id": "B.U106",
      "nt_type": "RNA",
      "dbn": ".",
      "summary": "turn,anti,~C3'-endo,non-stack,bulge,splayed-apart",
      "alpha": 69.685,
      "beta": 175.166,
      "gamma": 60.647,
      "delta": 90.255,
      "epsilon": -160.451,
      "zeta": 47.507,
      "epsilon_zeta": 152.042,
      "bb_type": "--",
      "chi": -132.558,
      "glyco_bond": "anti",
      "C5prime_xyz": [
        -1.411,
        8.576,
        -0.977
      ],
      "P_xyz": [
        1.214,
        8.672,
        -1.249
      ],
      "form": ".",
      "ssZp": 3.183,
      "Dp": 4.246,
      "splay_angle": 135.255,
      "splay_distance": 17.315,
      "splay_ratio": 0.925,
      "eta": -61.016,
      "theta": -39.396,
      "eta_prime": -5.814,
      "theta_prime": -58.949,
      "eta_base": 38.473,
      "theta_base": -92.445,
      "v0": 4.513,
      "v1": -22.978,
      "v2": 31.5,
      "v3": -30.002,
      "v4": 16.207,
      "amplitude": 32.081,
      "phase_angle": 10.928,
      "puckering": "C3'-endo",
      "sugar_class": "~C3'-endo",
      "bin": "23p",
      "cluster": "8d",
      "suiteness": 0.308,
      "filter_rmsd": 0.11,
      "frame": {
        "rmsd": 0.011,
        "origin": [
          15.725,
          -18.817,
          -4.426
        ],
        "x_axis": [
          -0.119,
          -0.257,
          0.959
        ],
        "y_axis": [
          0.162,
          0.948,
          0.274
        ],
        "z_axis": [
          -0.98,
          0.188,
          -0.071
        ],
        "quaternion": [
          0.663,
          0.032,
          -0.731,
          -0.158
        ]
      },
      "sse": {
        "sse": "bulge_1"
      },
      "binding_protein": null,
      "binding_ion": null,
      "binding_small-molecule": null,
      "TotalAsa": 320.8148514698036,
      "PolarAsa": 228.73502001356474,
      "ApolarAsa": 92.07983145623885,
      "id": "3tzr.B.106"
    },
    {
      "index": 27,
      "index_chain": 7,
      "chain_name": "B",
      "nt_resnum": 107,
      "nt_name": "G",
      "nt_code": "G",
      "nt_id": "B.G107",
      "nt_type": "RNA",
      "dbn": ")",
      "summary": "anti,~C3'-endo,BI,canonical,non-pair-contact,helix,stem-end,coaxial-stack,bulge,phosphate,splayed-apart",
      "alpha": -73.58,
      "beta": -130.778,
      "gamma": 65.695,
      "delta": 85.448,
      "epsilon": -151.219,
      "zeta": -67.895,
      "epsilon_zeta": -83.324,
      "bb_type": "BI",
      "chi": -171.962,
      "glyco_bond": "anti",
      "C5prime_xyz": [
        -1.656,
        8.529,
        1.237
      ],
      "P_xyz": [
        0.738,
        8.413,
        2.376
      ],
      "form": "A",
      "ssZp": 4.646,
      "Dp": 4.646,
      "splay_angle": 24.321,
      "splay_distance": 3.87,
      "splay_ratio": 0.217,
      "eta": -128.086,
      "theta": -134.354,
      "eta_prime": -83.432,
      "theta_prime": -132.359,
      "eta_base": -39.802,
      "theta_base": -98.581,
      "v0": 6.765,
      "v1": -29.587,
      "v2": 39.714,
      "v3": -36.863,
      "v4": 19.025,
      "amplitude": 40.218,
      "phase_angle": 9.081,
      "puckering": "C3'-endo",
      "sugar_class": "~C3'-endo",
      "bin": "33p",
      "cluster": "!!",
      "suiteness": 0.0,
      "filter_rmsd": 0.025,
      "frame": {
        "rmsd": 0.025,
        "origin": [
          8.695,
          -3.196,
          -1.904
        ],
        "x_axis": [
          0.569,
          0.688,
          -0.45
        ],
        "y_axis": [
          0.735,
          -0.671,
          -0.099
        ],
        "z_axis": [
          -0.37,
          -0.275,
          -0.887
        ],
        "quaternion": [
          0.05,
          0.884,
          0.402,
          -0.232
        ]
      },
      "sse": {
        "sse": "bulge_1"
      },
      "binding_protein": null,
      "binding_ion": "MG",
      "binding_small-molecule": null,
      "TotalAsa": 97.01736309327929,
      "PolarAsa": 71.83158707276527,
      "ApolarAsa": 25.185776020514005,
      "id": "3tzr.B.107"
    },
    {
      "index": 28,
      "index_chain": 8,
      "chain_name": "B",
      "nt_resnum": 108,
      "nt_name": "C",
      "nt_code": "C",
      "nt_id": "B.C108",
      "nt_type": "RNA",
      "dbn": ")",
      "summary": "anti,~C3'-endo,BI,canonical,non-pair-contact,helix,stem,coaxial-stack",
      "alpha": -71.512,
      "beta": -178.143,
      "gamma": 54.962,
      "delta": 79.535,
      "epsilon": -149.033,
      "zeta": -77.923,
      "epsilon_zeta": -71.11,
      "bb_type": "BI",
      "chi": -160.805,
      "glyco_bond": "anti",
      "C5prime_xyz": [
        -1.258,
        8.813,
        0.541
      ],
      "P_xyz": [
        1.332,
        9.266,
        0.746
      ],
      "form": "A",
      "ssZp": 4.501,
      "Dp": 4.695,
      "splay_angle": 22.164,
      "splay_distance": 3.584,
      "splay_ratio": 0.195,
      "eta": 167.935,
      "theta": -152.127,
      "eta_prime": -177.823,
      "theta_prime": -150.541,
      "eta_base": -127.163,
      "theta_base": -136.906,
      "v0": 4.421,
      "v1": -28.623,
      "v2": 40.468,
      "v3": -38.963,
      "v4": 21.889,
      "amplitude": 41.465,
      "phase_angle": 12.586,
      "puckering": "C3'-endo",
      "sugar_class": "~C3'-endo",
      "bin": "33p",
      "cluster": "1a",
      "suiteness": 0.912,
      "filter_rmsd": 0.062,
      "frame": {
        "rmsd": 0.01,
        "origin": [
          7.52,
          -1.752,
          -5.298
        ],
        "x_axis": [
          0.912,
          0.053,
          -0.408
        ],
        "y_axis": [
          0.124,
          -0.981,
          0.15
        ],
        "z_axis": [
          -0.392,
          -0.187,
          -0.901
        ],
        "quaternion": [
          0.086,
          0.974,
          0.045,
          -0.205
        ]
      },
      "sse": {
        "sse": null
      },
      "binding_protein": null,
      "binding_ion": "MG",
      "binding_small-molecule": "",
      "TotalAsa": 127.63706373801524,
      "PolarAsa": 91.51021628291241,
      "ApolarAsa": 36.12684745510282,
      "id": "3tzr.B.108"
    },
    {
      "index": 29,
      "index_chain": 9,
      "chain_name": "B",
      "nt_resnum": 109,
      "nt_name": "A",
      "nt_code": "A",
      "nt_id": "B.A109",
      "nt_type": "RNA",
      "dbn": ")",
      "summary": "anti,~C3'-endo,BI,canonical,non-canonical,non-pair-contact,helix,stem,coaxial-stack,multiplet,phosphate",
      "alpha": -61.168,
      "beta": 167.876,
      "gamma": 55.902,
      "delta": 76.687,
      "epsilon": -150.583,
      "zeta": -69.134,
      "epsilon_zeta": -81.449,
      "bb_type": "BI",
      "chi": -159.025,
      "glyco_bond": "anti",
      "C5prime_xyz": [
        -1.553,
        8.818,
        0.432
      ],
      "P_xyz": [
        0.996,
        9.439,
        0.364
      ],
      "form": "A",
      "ssZp": 4.417,
      "Dp": 4.648,
      "splay_angle": 23.406,
      "splay_distance": 3.79,
      "splay_ratio": 0.205,
      "eta": 169.0,
      "theta": -145.587,
      "eta_prime": -179.68,
      "theta_prime": -146.934,
      "eta_base": -154.62,
      "theta_base": -119.181,
      "v0": 2.112,
      "v1": -26.51,
      "v2": 39.405,
      "v3": -39.15,
      "v4": 23.527,
      "amplitude": 40.929,
      "phase_angle": 15.685,
      "puckering": "C3'-endo",
      "sugar_class": "~C3'-endo",
      "bin": "33p",
      "cluster": "1a",
      "suiteness": 0.909,
      "filter_rmsd": 0.037,
      "frame": {
        "rmsd": 0.013,
        "origin": [
          6.227,
          -0.56,
          -8.42
        ],
        "x_axis": [
          0.929,
          -0.318,
          -0.189
        ],
        "y_axis": [
          -0.286,
          -0.941,
          0.181
        ],
        "z_axis": [
          -0.235,
          -0.114,
          -0.965
        ],
        "quaternion": [
          0.075,
          0.979,
          -0.154,
          -0.108
        ]
      },
      "sse": {
        "sse": null
      },
      "binding_protein": null,
      "binding_ion": "MG",
      "binding_small-molecule": "",
      "TotalAsa": 153.50813077666814,
      "PolarAsa": 109.05583589724456,
      "ApolarAsa": 44.452294879423604,
      "id": "3tzr.B.109"
    },
    {
      "index": 30,
      "index_chain": 10,
      "chain_name": "B",
      "nt_resnum": 110,
      "nt_name": "G",
      "nt_code": "G",
      "nt_id": "B.G110",
      "nt_type": "RNA",
      "dbn": ")",
      "summary": "anti,~C3'-endo,BI,canonical,non-pair-contact,helix,stem-end,coaxial-stack,bulge,cap-acceptor",
      "alpha": -58.467,
      "beta": 166.262,
      "gamma": 50.324,
      "delta": 74.499,
      "epsilon": -154.276,
      "zeta": -68.243,
      "epsilon_zeta": -86.032,
      "bb_type": "BI",
      "chi": -168.838,
      "glyco_bond": "anti",
      "C5prime_xyz": [
        -1.529,
        8.731,
        0.951
      ],
      "P_xyz": [
        1.015,
        9.425,
        0.979
      ],
      "form": ".",
      "ssZp": 4.656,
      "Dp": 4.682,
      "splay_angle": 47.413,
      "splay_distance": 7.273,
      "splay_ratio": 0.407,
      "eta": 162.451,
      "theta": -110.479,
      "eta_prime": 177.631,
      "theta_prime": -105.05,
      "eta_base": -135.078,
      "theta_base": -69.169,
      "v0": 1.598,
      "v1": -26.83,
      "v2": 40.555,
      "v3": -40.649,
      "v4": 24.674,
      "amplitude": 42.29,
      "phase_angle": 16.468,
      "puckering": "C3'-endo",
      "sugar_class": "~C3'-endo",
      "bin": "33p",
      "cluster": "1a",
      "suiteness": 0.817,
      "filter_rmsd": 0.013,
      "frame": {
        "rmsd": 0.013,
        "origin": [
          7.105,
          -0.194,
          -12.089
        ],
        "x_axis": [
          0.645,
          -0.764,
          0.012
        ],
        "y_axis": [
          -0.746,
          -0.625,
          0.231
        ],
        "z_axis": [
          -0.168,
          -0.158,
          -0.973
        ],
        "quaternion": [
          0.108,
          0.9,
          -0.419,
          -0.043
        ]
      },
      "sse": {
        "sse": "bulge_2"
      },
      "binding_protein": null,
      "binding_ion": null,
      "binding_small-molecule": "",
      "TotalAsa": 179.10017573437688,
      "PolarAsa": 137.70561379703219,
      "ApolarAsa": 41.39456193734466,
      "id": "3tzr.B.110"
    },
    {
      "index": 31,
      "index_chain": 11,
      "chain_name": "B",
      "nt_resnum": 111,
      "nt_name": "C",
      "nt_code": "C",
      "nt_id": "B.C111",
      "nt_type": "RNA",
      "dbn": ")",
      "summary": "anti,~C3'-endo,BI,canonical,non-canonical,non-pair-contact,helix,stem-end,coaxial-stack,multiplet,bulge,A-minor,cap-donor",
      "alpha": 156.493,
      "beta": -131.5,
      "gamma": 178.218,
      "delta": 86.897,
      "epsilon": -134.636,
      "zeta": -79.258,
      "epsilon_zeta": -55.377,
      "bb_type": "BI",
      "chi": -172.001,
      "glyco_bond": "anti",
      "C5prime_xyz": [
        -1.219,
        8.436,
        1.336
      ],
      "P_xyz": [
        0.594,
        9.518,
        -0.23
      ],
      "form": "A",
      "ssZp": 4.527,
      "Dp": 4.657,
      "splay_angle": 23.262,
      "splay_distance": 3.628,
      "splay_ratio": 0.202,
      "eta": -175.666,
      "theta": -155.711,
      "eta_prime": -140.234,
      "theta_prime": -155.556,
      "eta_base": -73.37,
      "theta_base": -124.737,
      "v0": 9.574,
      "v1": -28.781,
      "v2": 36.066,
      "v3": -31.592,
      "v4": 14.007,
      "amplitude": 36.142,
      "phase_angle": 3.734,
      "puckering": "C3'-endo",
      "sugar_class": "~C3'-endo",
      "bin": "33t",
      "cluster": "1c",
      "suiteness": 0.49,
      "filter_rmsd": 0.066,
      "frame": {
        "rmsd": 0.009,
        "origin": [
          8.798,
          -6.581,
          -15.128
        ],
        "x_axis": [
          -0.418,
          -0.9,
          -0.126
        ],
        "y_axis": [
          -0.906,
          0.424,
          -0.019
        ],
        "z_axis": [
          0.071,
          0.106,
          -0.992
        ],
        "quaternion": [
          0.058,
          -0.536,
          0.842,
          0.026
        ]
      },
      "sse": {
        "sse": "bulge_2"
      },
      "binding_protein": null,
      "binding_ion": "MG",
      "binding_small-molecule": "",
      "TotalAsa": 152.50622161092363,
      "PolarAsa": 106.1895910670255,
      "ApolarAsa": 46.31663054389812,
      "id": "3tzr.B.111"
    },
    {
      "index": 32,
      "index_chain": 12,
      "chain_name": "B",
      "nt_resnum": 112,
      "nt_name": "C",
      "nt_code": "C",
      "nt_id": "B.C112",
      "nt_type": "RNA",
      "dbn": ")",
      "summary": "anti,~C3'-endo,BI,canonical,non-pair-contact,helix,stem,coaxial-stack,cap-donor",
      "alpha": -63.424,
      "beta": 169.185,
      "gamma": 50.801,
      "delta": 84.939,
      "epsilon": -148.292,
      "zeta": -85.07,
      "epsilon_zeta": -63.221,
      "bb_type": "BI",
      "chi": -158.917,
      "glyco_bond": "anti",
      "C5prime_xyz": [
        -1.42,
        8.732,
        0.475
      ],
      "P_xyz": [
        1.21,
        8.928,
        0.692
      ],
      "form": "A",
      "ssZp": 4.361,
      "Dp": 4.625,
      "splay_angle": 25.406,
      "splay_distance": 3.95,
      "splay_ratio": 0.22,
      "eta": 162.691,
      "theta": -145.219,
      "eta_prime": 179.442,
      "theta_prime": -144.303,
      "eta_base": -134.663,
      "theta_base": -115.934,
      "v0": 6.399,
      "v1": -28.902,
      "v2": 39.064,
      "v3": -36.38,
      "v4": 18.997,
      "amplitude": 39.605,
      "phase_angle": 9.48,
      "puckering": "C3'-endo",
      "sugar_class": "~C3'-endo",
      "bin": "33p",
      "cluster": "1a",
      "suiteness": 0.807,
      "filter_rmsd": 0.068,
      "frame": {
        "rmsd": 0.014,
        "origin": [
          9.414,
          -7.483,
          -18.588
        ],
        "x_axis": [
          -0.89,
          -0.456,
          0.014
        ],
        "y_axis": [
          -0.456,
          0.89,
          -0.007
        ],
        "z_axis": [
          -0.009,
          -0.012,
          -1.0
        ],
        "quaternion": [
          -0.006,
          -0.235,
          0.972,
          -0.005
        ]
      },
      "sse": {
        "sse": null
      },
      "binding_protein": null,
      "binding_ion": "SO4",
      "binding_small-molecule": "",
      "TotalAsa": 115.05140769734514,
      "PolarAsa": 93.71797507726428,
      "ApolarAsa": 21.333432620080856,
      "id": "3tzr.B.112"
    },
    {
      "index": 33,
      "index_chain": 13,
      "chain_name": "B",
      "nt_resnum": 113,
      "nt_name": "U",
      "nt_code": "U",
      "nt_id": "B.U113",
      "nt_type": "RNA",
      "dbn": ")",
      "summary": "anti,~C3'-endo,BI,canonical,non-pair-contact,helix,stem,coaxial-stack",
      "alpha": -45.921,
      "beta": 160.28,
      "gamma": 45.394,
      "delta": 81.528,
      "epsilon": -147.311,
      "zeta": -82.345,
      "epsilon_zeta": -64.966,
      "bb_type": "BI",
      "chi": -164.318,
      "glyco_bond": "anti",
      "C5prime_xyz": [
        -1.383,
        8.674,
        0.768
      ],
      "P_xyz": [
        1.238,
        8.793,
        1.117
      ],
      "form": "A",
      "ssZp": 4.444,
      "Dp": 4.638,
      "splay_angle": 20.439,
      "splay_distance": 3.176,
      "splay_ratio": 0.178,
      "eta": 169.979,
      "theta": -146.981,
      "eta_prime": -176.373,
      "theta_prime": -147.015,
      "eta_base": -132.76,
      "theta_base": -120.461,
      "v0": 4.408,
      "v1": -28.447,
      "v2": 40.379,
      "v3": -38.83,
      "v4": 21.684,
      "amplitude": 41.367,
      "phase_angle": 12.548,
      "puckering": "C3'-endo",
      "sugar_class": "~C3'-endo",
      "bin": "33p",
      "cluster": "1a",
      "suiteness": 0.571,
      "filter_rmsd": 0.106,
      "frame": {
        "rmsd": 0.008,
        "origin": [
          8.863,
          -8.597,
          -22.337
        ],
        "x_axis": [
          -0.978,
          0.136,
          0.157
        ],
        "y_axis": [
          0.142,
          0.99,
          0.024
        ],
        "z_axis": [
          -0.152,
          0.045,
          -0.987
        ],
        "quaternion": [
          -0.078,
          0.07,
          0.994,
          0.017
        ]
      },
      "sse": {
        "sse": null
      },
      "binding_protein": null,
      "binding_ion": "SO4",
      "binding_small-molecule": null,
      "TotalAsa": 161.57322784050982,
      "PolarAsa": 114.53927149145407,
      "ApolarAsa": 47.03395634905573,
      "id": "3tzr.B.113"
    },
    {
      "index": 34,
      "index_chain": 14,
      "chain_name": "B",
      "nt_resnum": 114,
      "nt_name": "C",
      "nt_code": "C",
      "nt_id": "B.C114",
      "nt_type": "RNA",
      "dbn": ")",
      "summary": "anti,~C3'-endo,BI,canonical,non-pair-contact,helix,stem,coaxial-stack",
      "alpha": -53.897,
      "beta": 158.704,
      "gamma": 54.833,
      "delta": 81.636,
      "epsilon": -157.762,
      "zeta": -71.333,
      "epsilon_zeta": -86.428,
      "bb_type": "BI",
      "chi": -159.938,
      "glyco_bond": "anti",
      "C5prime_xyz": [
        -1.275,
        8.755,
        0.5
      ],
      "P_xyz": [
        1.327,
        8.959,
        0.135
      ],
      "form": "A",
      "ssZp": 4.501,
      "Dp": 4.638,
      "splay_angle": 22.8,
      "splay_distance": 3.578,
      "splay_ratio": 0.199,
      "eta": 167.305,
      "theta": -145.361,
      "eta_prime": -177.157,
      "theta_prime": -148.032,
      "eta_base": -132.811,
      "theta_base": -127.438,
      "v0": 4.761,
      "v1": -27.435,
      "v2": 38.323,
      "v3": -36.639,
      "v4": 20.199,
      "amplitude": 39.15,
      "phase_angle": 11.801,
      "puckering": "C3'-endo",
      "sugar_class": "~C3'-endo",
      "bin": "33p",
      "cluster": "1a",
      "suiteness": 0.781,
      "filter_rmsd": 0.067,
      "frame": {
        "rmsd": 0.01,
        "origin": [
          7.658,
          -9.583,
          -25.106
        ],
        "x_axis": [
          -0.777,
          0.629,
          0.016
        ],
        "y_axis": [
          0.614,
          0.763,
          -0.203
        ],
        "z_axis": [
          -0.139,
          -0.148,
          -0.979
        ],
        "quaternion": [
          -0.041,
          0.331,
          0.938,
          -0.093
        ]
      },
      "sse": {
        "sse": null
      },
      "binding_protein": null,
      "binding_ion": null,
      "binding_small-molecule": "",
      "TotalAsa": 179.1781661112737,
      "PolarAsa": 122.17284538281268,
      "ApolarAsa": 57.00532072846098,
      "id": "3tzr.B.114"
    },
    {
      "index": 35,
      "index_chain": 15,
      "chain_name": "B",
      "nt_resnum": 115,
      "nt_name": "G",
      "nt_code": "G",
      "nt_id": "B.G115",
      "nt_type": "RNA",
      "dbn": ")",
      "summary": "anti,~C3'-endo,BI,canonical,non-pair-contact,helix-end,stem-end,coaxial-stack",
      "alpha": -59.495,
      "beta": 179.89,
      "gamma": 42.081,
      "delta": 77.794,
      "epsilon": -153.544,
      "zeta": -57.493,
      "epsilon_zeta": -96.05,
      "bb_type": "BI",
      "chi": -158.983,
      "glyco_bond": "anti",
      "C5prime_xyz": [
        -1.194,
        8.716,
        0.485
      ],
      "P_xyz": [
        1.389,
        9.039,
        1.002
      ],
      "form": "A",
      "ssZp": 4.44,
      "Dp": 4.662,
      "splay_angle": 23.6,
      "splay_distance": 3.844,
      "splay_ratio": 0.21,
      "eta": 165.611,
      "theta": -137.986,
      "eta_prime": 176.145,
      "theta_prime": -134.84,
      "eta_base": -146.555,
      "theta_base": -104.918,
      "v0": 6.816,
      "v1": -29.78,
      "v2": 40.433,
      "v3": -37.428,
      "v4": 19.356,
      "amplitude": 40.962,
      "phase_angle": 9.215,
      "puckering": "C3'-endo",
      "sugar_class": "~C3'-endo",
      "bin": "33p",
      "cluster": "1a",
      "suiteness": 0.725,
      "filter_rmsd": 0.007,
      "frame": {
        "rmsd": 0.007,
        "origin": [
          5.747,
          -10.58,
          -27.962
        ],
        "x_axis": [
          -0.275,
          0.953,
          0.127
        ],
        "y_axis": [
          0.921,
          0.299,
          -0.248
        ],
        "z_axis": [
          -0.274,
          0.049,
          -0.96
        ],
        "quaternion": [
          -0.126,
          0.589,
          0.796,
          -0.062
        ]
      },
      "sse": {
        "sse": null
      },
      "binding_protein": null,
      "binding_ion": null,
      "binding_small-molecule": "",
      "TotalAsa": 177.27766705048631,
      "PolarAsa": 136.1482759891546,
      "ApolarAsa": 41.12939106133172,
      "id": "3tzr.B.115"
    },
    {
      "index": 36,
      "index_chain": 16,
      "chain_name": "B",
      "nt_resnum": 116,
      "nt_name": "G",
      "nt_code": "G",
      "nt_id": "B.G116",
      "nt_type": "RNA",
      "dbn": ".",
      "summary": "anti,~C3'-endo,non-pair-contact,ss-non-loop",
      "alpha": -62.747,
      "beta": -175.894,
      "gamma": 47.245,
      "delta": 81.519,
      "epsilon": null,
      "zeta": null,
      "epsilon_zeta": null,
      "bb_type": "--",
      "chi": -158.092,
      "glyco_bond": "anti",
      "C5prime_xyz": [
        -1.579,
        8.809,
        0.385
      ],
      "P_xyz": [
        0.941,
        9.516,
        0.817
      ],
      "form": "-",
      "ssZp": null,
      "Dp": null,
      "splay_angle": null,
      "splay_distance": null,
      "splay_ratio": null,
      "eta": null,
      "theta": null,
      "eta_prime": null,
      "theta_prime": null,
      "eta_base": null,
      "theta_base": null,
      "v0": 2.474,
      "v1": -25.976,
      "v2": 38.263,
      "v3": -37.801,
      "v4": 22.296,
      "amplitude": 39.621,
      "phase_angle": 15.042,
      "puckering": "C3'-endo",
      "sugar_class": "~C3'-endo",
      "bin": "33p",
      "cluster": "1a",
      "suiteness": 0.791,
      "filter_rmsd": 0.014,
      "frame": {
        "rmsd": 0.014,
        "origin": [
          3.146,
          -8.896,
          -30.237
        ],
        "x_axis": [
          0.354,
          0.926,
          0.135
        ],
        "y_axis": [
          0.888,
          -0.287,
          -0.359
        ],
        "z_axis": [
          -0.293,
          0.247,
          -0.924
        ],
        "quaternion": [
          -0.189,
          0.801,
          0.566,
          -0.05
        ]
      },
      "sse": {
        "sse": null
      },
      "binding_protein": null,
      "binding_ion": null,
      "binding_small-molecule": null,
      "TotalAsa": 336.50886580272805,
      "PolarAsa": 263.5439176084529,
      "ApolarAsa": 72.96494819427518,
      "id": "3tzr.B.116"
    }
  ],
  "links": [
    {
      "LW": "B53",
      "backbone": true,
      "source": "3tzr.A.48",
      "target": "3tzr.A.49"
    },
    {
      "index": 1,
      "nt1": "A.C48",
      "nt2": "B.G115",
      "bp": "C-G",
      "name": "WC",
      "Saenger": "19-XIX",
      "LW": "cWW",
      "DSSR": "cW-W",
      "source": "3tzr.A.48",
      "target": "3tzr.B.115"
    },
    {
      "LW": "B53",
      "backbone": true,
      "source": "3tzr.A.49",
      "target": "3tzr.A.50"
    },
    {
      "LW": "B35",
      "backbone": true,
      "source": "3tzr.A.49",
      "target": "3tzr.A.48"
    },
    {
      "index": 2,
      "nt1": "A.G49",
      "nt2": "B.C114",
      "bp": "G-C",
      "name": "WC",
      "Saenger": "19-XIX",
      "LW": "cWW",
      "DSSR": "cW-W",
      "source": "3tzr.A.49",
      "target": "3tzr.B.114"
    },
    {
      "LW": "B53",
      "backbone": true,
      "source": "3tzr.A.50",
      "target": "3tzr.A.51"
    },
    {
      "LW": "B35",
      "backbone": true,
      "source": "3tzr.A.50",
      "target": "3tzr.A.49"
    },
    {
      "index": 3,
      "nt1": "A.A50",
      "nt2": "B.U113",
      "bp": "A-U",
      "name": "WC",
      "Saenger": "20-XX",
      "LW": "cWW",
      "DSSR": "cW-W",
      "source": "3tzr.A.50",
      "target": "3tzr.B.113"
    },
    {
      "LW": "B53",
      "backbone": true,
      "source": "3tzr.A.51",
      "target": "3tzr.A.52"
    },
    {
      "LW": "B35",
      "backbone": true,
      "source": "3tzr.A.51",
      "target": "3tzr.A.50"
    },
    {
      "index": 4,
      "nt1": "A.G51",
      "nt2": "B.C112",
      "bp": "G-C",
      "name": "WC",
      "Saenger": "19-XIX",
      "LW": "cWW",
      "DSSR": "cW-W",
      "source": "3tzr.A.51",
      "target": "3tzr.B.112"
    },
    {
      "LW": "B53",
      "backbone": true,
      "source": "3tzr.A.52",
      "target": "3tzr.A.53"
    },
    {
      "LW": "B35",
      "backbone": true,
      "source": "3tzr.A.52",
      "target": "3tzr.A.51"
    },
    {
      "index": 5,
      "nt1": "A.G52",
      "nt2": "B.C111",
      "bp": "G-C",
      "name": "WC",
      "Saenger": "19-XIX",
      "LW": "cWW",
      "DSSR": "cW-W",
      "source": "3tzr.A.52",
      "target": "3tzr.B.111"
    },
    {
      "LW": "B53",
      "backbone": true,
      "source": "3tzr.A.53",
      "target": "3tzr.A.54"
    },
    {
      "LW": "B35",
      "backbone": true,
      "source": "3tzr.A.53",
      "target": "3tzr.A.52"
    },
    {
      "index": 6,
      "nt1": "A.A53",
      "nt2": "B.A109",
      "bp": "A-A",
      "name": "--",
      "Saenger": "05-V",
      "LW": "tWH",
      "DSSR": "tW-M",
      "source": "3tzr.A.53",
      "target": "3tzr.B.109"
    },
    {
      "LW": "B53",
      "backbone": true,
      "source": "3tzr.A.54",
      "target": "3tzr.A.55"
    },
    {
      "LW": "B35",
      "backbone": true,
      "source": "3tzr.A.54",
      "target": "3tzr.A.53"
    },
    {
      "LW": "B53",
      "backbone": true,
      "source": "3tzr.A.55",
      "target": "3tzr.A.56"
    },
    {
      "LW": "B35",
      "backbone": true,
      "source": "3tzr.A.55",
      "target": "3tzr.A.54"
    },
    {
      "LW": "B53",
      "backbone": true,
      "source": "3tzr.A.56",
      "target": "3tzr.A.57"
    },
    {
      "LW": "B35",
      "backbone": true,
      "source": "3tzr.A.56",
      "target": "3tzr.A.55"
    },
    {
      "LW": "B53",
      "backbone": true,
      "source": "3tzr.A.57",
      "target": "3tzr.A.58"
    },
    {
      "LW": "B35",
      "backbone": true,
      "source": "3tzr.A.57",
      "target": "3tzr.A.56"
    },
    {
      "index": 7,
      "nt1": "A.A57",
      "nt2": "B.C111",
      "bp": "A-C",
      "name": "--",
      "Saenger": "--",
      "LW": "cWS",
      "DSSR": "cW-m",
      "source": "3tzr.A.57",
      "target": "3tzr.B.111"
    },
    {
      "LW": "B53",
      "backbone": true,
      "source": "3tzr.A.58",
      "target": "3tzr.A.59"
    },
    {
      "LW": "B35",
      "backbone": true,
      "source": "3tzr.A.58",
      "target": "3tzr.A.57"
    },
    {
      "index": 8,
      "nt1": "A.C58",
      "nt2": "B.G110",
      "bp": "C-G",
      "name": "WC",
      "Saenger": "19-XIX",
      "LW": "cWW",
      "DSSR": "cW-W",
      "source": "3tzr.A.58",
      "target": "3tzr.B.110"
    },
    {
      "LW": "B53",
      "backbone": true,
      "source": "3tzr.A.59",
      "target": "3tzr.A.60"
    },
    {
      "LW": "B35",
      "backbone": true,
      "source": "3tzr.A.59",
      "target": "3tzr.A.58"
    },
    {
      "index": 9,
      "nt1": "A.U59",
      "nt2": "B.A109",
      "bp": "U-A",
      "name": "WC",
      "Saenger": "20-XX",
      "LW": "cWW",
      "DSSR": "cW-W",
      "source": "3tzr.A.59",
      "target": "3tzr.B.109"
    },
    {
      "LW": "B53",
      "backbone": true,
      "source": "3tzr.A.60",
      "target": "3tzr.A.61"
    },
    {
      "LW": "B35",
      "backbone": true,
      "source": "3tzr.A.60",
      "target": "3tzr.A.59"
    },
    {
      "index": 10,
      "nt1": "A.G60",
      "nt2": "B.C108",
      "bp": "G-C",
      "name": "WC",
      "Saenger": "19-XIX",
      "LW": "cWW",
      "DSSR": "cW-W",
      "source": "3tzr.A.60",
      "target": "3tzr.B.108"
    },
    {
      "LW": "B53",
      "backbone": true,
      "source": "3tzr.A.61",
      "target": "3tzr.A.62"
    },
    {
      "LW": "B35",
      "backbone": true,
      "source": "3tzr.A.61",
      "target": "3tzr.A.60"
    },
    {
      "index": 11,
      "nt1": "A.U61",
      "nt2": "B.G107",
      "bp": "U-G",
      "name": "Wobble",
      "Saenger": "28-XXVIII",
      "LW": "cWW",
      "DSSR": "cW-W",
      "source": "3tzr.A.61",
      "target": "3tzr.B.107"
    },
    {
      "LW": "B53",
      "backbone": true,
      "source": "3tzr.A.62",
      "target": "3tzr.A.63"
    },
    {
      "LW": "B35",
      "backbone": true,
      "source": "3tzr.A.62",
      "target": "3tzr.A.61"
    },
    {
      "index": 12,
      "nt1": "A.C62",
      "nt2": "B.G105",
      "bp": "C-G",
      "name": "WC",
      "Saenger": "19-XIX",
      "LW": "cWW",
      "DSSR": "cW-W",
      "source": "3tzr.A.62",
      "target": "3tzr.B.105"
    },
    {
      "LW": "B53",
      "backbone": true,
      "source": "3tzr.A.63",
      "target": "3tzr.A.64"
    },
    {
      "LW": "B35",
      "backbone": true,
      "source": "3tzr.A.63",
      "target": "3tzr.A.62"
    },
    {
      "index": 13,
      "nt1": "A.U63",
      "nt2": "B.C104",
      "bp": "U-C",
      "name": "--",
      "Saenger": "18-XVIII",
      "LW": "cWW",
      "DSSR": "cW-W",
      "source": "3tzr.A.63",
      "target": "3tzr.B.104"
    },
    {
      "LW": "B53",
      "backbone": true,
      "source": "3tzr.A.64",
      "target": "3tzr.A.65"
    },
    {
      "LW": "B35",
      "backbone": true,
      "source": "3tzr.A.64",
      "target": "3tzr.A.63"
    },
    {
      "index": 14,
      "nt1": "A.U64",
      "nt2": "B.U103",
      "bp": "U-U",
      "name": "--",
      "Saenger": "16-XVI",
      "LW": "cWW",
      "DSSR": "cW-W",
      "source": "3tzr.A.64",
      "target": "3tzr.B.103"
    },
    {
      "LW": "B53",
      "backbone": true,
      "source": "3tzr.A.65",
      "target": "3tzr.A.66"
    },
    {
      "LW": "B35",
      "backbone": true,
      "source": "3tzr.A.65",
      "target": "3tzr.A.64"
    },
    {
      "index": 15,
      "nt1": "A.C65",
      "nt2": "B.G102",
      "bp": "C-G",
      "name": "WC",
      "Saenger": "19-XIX",
      "LW": "cWW",
      "DSSR": "cW-W",
      "source": "3tzr.A.65",
      "target": "3tzr.B.102"
    },
    {
      "LW": "B53",
      "backbone": true,
      "source": "3tzr.A.66",
      "target": "3tzr.A.67"
    },
    {
      "LW": "B35",
      "backbone": true,
      "source": "3tzr.A.66",
      "target": "3tzr.A.65"
    },
    {
      "index": 16,
      "nt1": "A.C66",
      "nt2": "B.G101",
      "bp": "C-G",
      "name": "WC",
      "Saenger": "19-XIX",
      "LW": "cWW",
      "DSSR": "cW-W",
      "source": "3tzr.A.66",
      "target": "3tzr.B.101"
    },
    {
      "LW": "B35",
      "backbone": true,
      "source": "3tzr.A.67",
      "target": "3tzr.A.66"
    },
    {
      "LW": "B53",
      "backbone": true,
      "source": "3tzr.B.101",
      "target": "3tzr.B.102"
    },
    {
      "index": 16,
      "nt1": "B.G101",
      "nt2": "A.C66",
      "bp": "G-C",
      "name": "WC",
      "Saenger": "19-XIX",
      "LW": "cWW",
      "DSSR": "cW-W",
      "source": "3tzr.B.101",
      "target": "3tzr.A.66"
    },
    {
      "LW": "B53",
      "backbone": true,
      "source": "3tzr.B.102",
      "target": "3tzr.B.103"
    },
    {
      "LW": "B35",
      "backbone": true,
      "source": "3tzr.B.102",
      "target": "3tzr.B.101"
    },
    {
      "index": 15,
      "nt1": "B.G102",
      "nt2": "A.C65",
      "bp": "G-C",
      "name": "WC",
      "Saenger": "19-XIX",
      "LW": "cWW",
      "DSSR": "cW-W",
      "source": "3tzr.B.102",
      "target": "3tzr.A.65"
    },
    {
      "LW": "B53",
      "backbone": true,
      "source": "3tzr.B.103",
      "target": "3tzr.B.104"
    },
    {
      "LW": "B35",
      "backbone": true,
      "source": "3tzr.B.103",
      "target": "3tzr.B.102"
    },
    {
      "index": 14,
      "nt1": "B.U103",
      "nt2": "A.U64",
      "bp": "U-U",
      "name": "--",
      "Saenger": "16-XVI",
      "LW": "cWW",
      "DSSR": "cW-W",
      "source": "3tzr.B.103",
      "target": "3tzr.A.64"
    },
    {
      "LW": "B53",
      "backbone": true,
      "source": "3tzr.B.104",
      "target": "3tzr.B.105"
    },
    {
      "LW": "B35",
      "backbone": true,
      "source": "3tzr.B.104",
      "target": "3tzr.B.103"
    },
    {
      "index": 13,
      "nt1": "B.C104",
      "nt2": "A.U63",
      "bp": "C-U",
      "name": "--",
      "Saenger": "18-XVIII",
      "LW": "cWW",
      "DSSR": "cW-W",
      "source": "3tzr.B.104",
      "target": "3tzr.A.63"
    },
    {
      "LW": "B53",
      "backbone": true,
      "source": "3tzr.B.105",
      "target": "3tzr.B.106"
    },
    {
      "LW": "B35",
      "backbone": true,
      "source": "3tzr.B.105",
      "target": "3tzr.B.104"
    },
    {
      "index": 12,
      "nt1": "B.G105",
      "nt2": "A.C62",
      "bp": "G-C",
      "name": "WC",
      "Saenger": "19-XIX",
      "LW": "cWW",
      "DSSR": "cW-W",
      "source": "3tzr.B.105",
      "target": "3tzr.A.62"
    },
    {
      "LW": "B53",
      "backbone": true,
      "source": "3tzr.B.106",
      "target": "3tzr.B.107"
    },
    {
      "LW": "B35",
      "backbone": true,
      "source": "3tzr.B.106",
      "target": "3tzr.B.105"
    },
    {
      "LW": "B53",
      "backbone": true,
      "source": "3tzr.B.107",
      "target": "3tzr.B.108"
    },
    {
      "LW": "B35",
      "backbone": true,
      "source": "3tzr.B.107",
      "target": "3tzr.B.106"
    },
    {
      "index": 11,
      "nt1": "B.G107",
      "nt2": "A.U61",
      "bp": "G-U",
      "name": "Wobble",
      "Saenger": "28-XXVIII",
      "LW": "cWW",
      "DSSR": "cW-W",
      "source": "3tzr.B.107",
      "target": "3tzr.A.61"
    },
    {
      "LW": "B53",
      "backbone": true,
      "source": "3tzr.B.108",
      "target": "3tzr.B.109"
    },
    {
      "LW": "B35",
      "backbone": true,
      "source": "3tzr.B.108",
      "target": "3tzr.B.107"
    },
    {
      "index": 10,
      "nt1": "B.C108",
      "nt2": "A.G60",
      "bp": "C-G",
      "name": "WC",
      "Saenger": "19-XIX",
      "LW": "cWW",
      "DSSR": "cW-W",
      "source": "3tzr.B.108",
      "target": "3tzr.A.60"
    },
    {
      "LW": "B53",
      "backbone": true,
      "source": "3tzr.B.109",
      "target": "3tzr.B.110"
    },
    {
      "LW": "B35",
      "backbone": true,
      "source": "3tzr.B.109",
      "target": "3tzr.B.108"
    },
    {
      "index": 6,
      "nt1": "B.A109",
      "nt2": "A.A53",
      "bp": "A-A",
      "name": "--",
      "Saenger": "05-V",
      "LW": "tHW",
      "DSSR": "tW-M",
      "source": "3tzr.B.109",
      "target": "3tzr.A.53"
    },
    {
      "index": 9,
      "nt1": "B.A109",
      "nt2": "A.U59",
      "bp": "A-U",
      "name": "WC",
      "Saenger": "20-XX",
      "LW": "cWW",
      "DSSR": "cW-W",
      "source": "3tzr.B.109",
      "target": "3tzr.A.59"
    },
    {
      "LW": "B53",
      "backbone": true,
      "source": "3tzr.B.110",
      "target": "3tzr.B.111"
    },
    {
      "LW": "B35",
      "backbone": true,
      "source": "3tzr.B.110",
      "target": "3tzr.B.109"
    },
    {
      "index": 8,
      "nt1": "B.G110",
      "nt2": "A.C58",
      "bp": "G-C",
      "name": "WC",
      "Saenger": "19-XIX",
      "LW": "cWW",
      "DSSR": "cW-W",
      "source": "3tzr.B.110",
      "target": "3tzr.A.58"
    },
    {
      "LW": "B53",
      "backbone": true,
      "source": "3tzr.B.111",
      "target": "3tzr.B.112"
    },
    {
      "LW": "B35",
      "backbone": true,
      "source": "3tzr.B.111",
      "target": "3tzr.B.110"
    },
    {
      "index": 5,
      "nt1": "B.C111",
      "nt2": "A.G52",
      "bp": "C-G",
      "name": "WC",
      "Saenger": "19-XIX",
      "LW": "cWW",
      "DSSR": "cW-W",
      "source": "3tzr.B.111",
      "target": "3tzr.A.52"
    },
    {
      "index": 7,
      "nt1": "B.C111",
      "nt2": "A.A57",
      "bp": "C-A",
      "name": "--",
      "Saenger": "--",
      "LW": "cSW",
      "DSSR": "cW-m",
      "source": "3tzr.B.111",
      "target": "3tzr.A.57"
    },
    {
      "LW": "B53",
      "backbone": true,
      "source": "3tzr.B.112",
      "target": "3tzr.B.113"
    },
    {
      "LW": "B35",
      "backbone": true,
      "source": "3tzr.B.112",
      "target": "3tzr.B.111"
    },
    {
      "index": 4,
      "nt1": "B.C112",
      "nt2": "A.G51",
      "bp": "C-G",
      "name": "WC",
      "Saenger": "19-XIX",
      "LW": "cWW",
      "DSSR": "cW-W",
      "source": "3tzr.B.112",
      "target": "3tzr.A.51"
    },
    {
      "LW": "B53",
      "backbone": true,
      "source": "3tzr.B.113",
      "target": "3tzr.B.114"
    },
    {
      "LW": "B35",
      "backbone": true,
      "source": "3tzr.B.113",
      "target": "3tzr.B.112"
    },
    {
      "index": 3,
      "nt1": "B.U113",
      "nt2": "A.A50",
      "bp": "U-A",
      "name": "WC",
      "Saenger": "20-XX",
      "LW": "cWW",
      "DSSR": "cW-W",
      "source": "3tzr.B.113",
      "target": "3tzr.A.50"
    },
    {
      "LW": "B53",
      "backbone": true,
      "source": "3tzr.B.114",
      "target": "3tzr.B.115"
    },
    {
      "LW": "B35",
      "backbone": true,
      "source": "3tzr.B.114",
      "target": "3tzr.B.113"
    },
    {
      "index": 2,
      "nt1": "B.C114",
      "nt2": "A.G49",
      "bp": "C-G",
      "name": "WC",
      "Saenger": "19-XIX",
      "LW": "cWW",
      "DSSR": "cW-W",
      "source": "3tzr.B.114",
      "target": "3tzr.A.49"
    },
    {
      "LW": "B53",
      "backbone": true,
      "source": "3tzr.B.115",
      "target": "3tzr.B.116"
    },
    {
      "LW": "B35",
      "backbone": true,
      "source": "3tzr.B.115",
      "target": "3tzr.B.114"
    },
    {
      "index": 1,
      "nt1": "B.G115",
      "nt2": "A.C48",
      "bp": "G-C",
      "name": "WC",
      "Saenger": "19-XIX",
      "LW": "cWW",
      "DSSR": "cW-W",
      "source": "3tzr.B.115",
      "target": "3tzr.A.48"
    },
    {
      "LW": "B35",
      "backbone": true,
      "source": "3tzr.B.116",
      "target": "3tzr.B.115"
    }
  ]
}