{
  "directed": true,
  "multigraph": false,
  "graph": {
    "dbn": {
      "all_chains": {
        "num_nts": 29,
        "num_chars": 29,
        "bseq": "GGGUGCUCAGUACGAGAGGAACCGCAcCC",
        "bseqUP": "GGGUGCUCAGUACGAGAGGAACCGCACCC",
        "sstr": "((((((......(....).....))))))",
        "form": "AAAA........A.......A...AAAA-"
      },
      "single_chains": {
        "m1_chain_A": {
          "num_nts": 29,
          "num_chars": 29,
          "bseq": "GGGUGCUCAGUACGAGAGGAACCGCAcCC",
          "bseqUP": "GGGUGCUCAGUACGAGAGGAACCGCACCC",
          "sstr": "((((((......(....).....))))))",
          "form": "AAAA........A.......A...AAAA-"
        }
      }
    },
    "resolution_low": "30.0",
    "resolution_high": "2.1"
  },
  "nodes": [
    {
      "index": 1,
      "index_chain": 1,
      "chain_name": "A",
      "nt_resnum": 1,
      "nt_name": "G",
      "nt_code": "G",
      "nt_id": "A.G1",
      "nt_type": "RNA",
      "dbn": "(",
      "summary": "anti,~C3'-endo,BI,canonical,non-pair-contact,helix-end,stem-end",
      "alpha": null,
      "beta": null,
      "gamma": 21.685,
      "delta": 84.697,
      "epsilon": -170.348,
      "zeta": -50.052,
      "epsilon_zeta": -120.295,
      "bb_type": "BI",
      "chi": -165.823,
      "glyco_bond": "anti",
      "C5prime_xyz": [
        -0.96,
        8.47,
        0.809
      ],
      "P_xyz": [
        null,
        null,
        null
      ],
      "form": "A",
      "ssZp": 4.549,
      "Dp": 4.622,
      "splay_angle": 25.314,
      "splay_distance": 4.044,
      "splay_ratio": 0.227,
      "eta": null,
      "theta": null,
      "eta_prime": null,
      "theta_prime": null,
      "eta_base": null,
      "theta_base": null,
      "v0": 12.589,
      "v1": -36.157,
      "v2": 44.543,
      "v3": -38.123,
      "v4": 16.269,
      "amplitude": 44.581,
      "phase_angle": 2.358,
      "puckering": "C3'-endo",
      "sugar_class": "~C3'-endo",
      "bin": "inc",
      "cluster": "__",
      "suiteness": 0.0,
      "filter_rmsd": 0.009,
      "frame": {
        "rmsd": 0.009,
        "origin": [
          9.656,
          8.507,
          62.309
        ],
        "x_axis": [
          0.803,
          0.591,
          0.082
        ],
        "y_axis": [
          0.565,
          -0.709,
          -0.421
        ],
        "z_axis": [
          -0.19,
          0.385,
          -0.903
        ],
        "quaternion": [
          -0.218,
          0.924,
          0.313,
          -0.029
        ]
      },
      "sse": {
        "sse": null
      },
      "binding_protein": null,
      "binding_ion": null,
      "binding_small-molecule": null,
      "TotalAsa": 261.18006407216245,
      "PolarAsa": 158.01054001608355,
      "ApolarAsa": 103.16952405607887,
      "id": "430d.A.1"
    },
    {
      "index": 10,
      "index_chain": 10,
      "chain_name": "A",
      "nt_resnum": 10,
      "nt_name": "G",
      "nt_code": "G",
      "nt_id": "A.G10",
      "nt_type": "RNA",
      "dbn": ".",
      "summary": "turn,anti,~C2'-endo,non-canonical,non-pair-contact,multiplet,internal-loop",
      "alpha": 73.235,
      "beta": -78.989,
      "gamma": -118.195,
      "delta": 151.467,
      "epsilon": -169.03,
      "zeta": 142.657,
      "epsilon_zeta": 48.312,
      "bb_type": "--",
      "chi": -98.084,
      "glyco_bond": "anti",
      "C5prime_xyz": [
        -2.864,
        8.17,
        -1.924
      ],
      "P_xyz": [
        -4.158,
        7.927,
        -4.164
      ],
      "form": ".",
      "ssZp": 2.495,
      "Dp": 2.335,
      "splay_angle": 54.967,
      "splay_distance": 8.12,
      "splay_ratio": 0.463,
      "eta": -39.481,
      "theta": 18.572,
      "eta_prime": -83.672,
      "theta_prime": 57.711,
      "eta_base": -101.635,
      "theta_base": 89.546,
      "v0": -30.929,
      "v1": 46.152,
      "v2": -42.547,
      "v3": 25.819,
      "v4": 3.041,
      "amplitude": 46.061,
      "phase_angle": 157.477,
      "puckering": "C2'-endo",
      "sugar_class": "~C2'-endo",
      "bin": "trig",
      "cluster": "!!",
      "suiteness": 0.0,
      "filter_rmsd": 0.02,
      "frame": {
        "rmsd": 0.02,
        "origin": [
          7.488,
          16.883,
          34.71
        ],
        "x_axis": [
          -0.925,
          0.353,
          -0.14
        ],
        "y_axis": [
          0.378,
          0.892,
          -0.247
        ],
        "z_axis": [
          0.037,
          -0.282,
          -0.959
        ],
        "quaternion": [
          0.045,
          0.188,
          0.972,
          -0.136
        ]
      },
      "sse": {
        "sse": null
      },
      "binding_protein": null,
      "binding_ion": null,
      "binding_small-molecule": "",
      "TotalAsa": 230.973120816973,
      "PolarAsa": 153.63443389703846,
      "ApolarAsa": 77.33868691993455,
      "id": "430d.A.10"
    },
    {
      "index": 11,
      "index_chain": 11,
      "chain_name": "A",
      "nt_resnum": 11,
      "nt_name": "U",
      "nt_code": "U",
      "nt_id": "A.U11",
      "nt_type": "RNA",
      "dbn": ".",
      "summary": "anti,~C3'-endo,BI,non-canonical,non-pair-contact,helix,multiplet,internal-loop,phosphate",
      "alpha": -59.899,
      "beta": 153.829,
      "gamma": 26.957,
      "delta": 90.788,
      "epsilon": -157.558,
      "zeta": -50.352,
      "epsilon_zeta": -107.206,
      "bb_type": "BI",
      "chi": -172.39,
      "glyco_bond": "anti",
      "C5prime_xyz": [
        -1.04,
        8.295,
        1.278
      ],
      "P_xyz": [
        1.446,
        7.982,
        2.052
      ],
      "form": ".",
      "ssZp": 4.52,
      "Dp": 4.574,
      "splay_angle": 32.098,
      "splay_distance": 4.854,
      "splay_ratio": 0.277,
      "eta": 168.012,
      "theta": -122.47,
      "eta_prime": 160.263,
      "theta_prime": -122.621,
      "eta_base": 159.505,
      "theta_base": -91.559,
      "v0": 13.926,
      "v1": -32.35,
      "v2": 37.139,
      "v3": -30.246,
      "v4": 10.543,
      "amplitude": 37.182,
      "phase_angle": 357.252,
      "puckering": "C2'-exo",
      "sugar_class": "~C3'-endo",
      "bin": "23p",
      "cluster": "#a",
      "suiteness": 0.538,
      "filter_rmsd": 0.102,
      "frame": {
        "rmsd": 0.007,
        "origin": [
          14.891,
          13.849,
          36.103
        ],
        "x_axis": [
          -0.977,
          0.115,
          -0.177
        ],
        "y_axis": [
          0.169,
          0.927,
          -0.333
        ],
        "z_axis": [
          0.126,
          -0.356,
          -0.926
        ],
        "quaternion": [
          0.077,
          0.073,
          0.979,
          -0.176
        ]
      },
      "sse": {
        "sse": null
      },
      "binding_protein": null,
      "binding_ion": null,
      "binding_small-molecule": "",
      "TotalAsa": 106.01182467154597,
      "PolarAsa": 69.93855787127876,
      "ApolarAsa": 36.0732668002672,
      "id": "430d.A.11"
    },
    {
      "index": 12,
      "index_chain": 12,
      "chain_name": "A",
      "nt_resnum": 12,
      "nt_name": "A",
      "nt_code": "A",
      "nt_id": "A.A12",
      "nt_type": "RNA",
      "dbn": ".",
      "summary": "anti,~C3'-endo,BI,non-canonical,non-pair-contact,helix,internal-loop,phosphate",
      "alpha": -84.262,
      "beta": -167.503,
      "gamma": 47.024,
      "delta": 86.67,
      "epsilon": -135.477,
      "zeta": -68.17,
      "epsilon_zeta": -67.307,
      "bb_type": "BI",
      "chi": -176.544,
      "glyco_bond": "anti",
      "C5prime_xyz": [
        -1.487,
        8.291,
        1.542
      ],
      "P_xyz": [
        0.889,
        8.406,
        2.697
      ],
      "form": ".",
      "ssZp": 4.668,
      "Dp": 4.702,
      "splay_angle": 31.993,
      "splay_distance": 4.854,
      "splay_ratio": 0.278,
      "eta": 163.2,
      "theta": -125.379,
      "eta_prime": -177.865,
      "theta_prime": -116.917,
      "eta_base": -125.132,
      "theta_base": -68.348,
      "v0": 9.68,
      "v1": -30.473,
      "v2": 38.653,
      "v3": -34.158,
      "v4": 15.388,
      "amplitude": 38.774,
      "phase_angle": 4.515,
      "puckering": "C3'-endo",
      "sugar_class": "~C3'-endo",
      "bin": "33p",
      "cluster": "1a",
      "suiteness": 0.391,
      "filter_rmsd": 0.036,
      "frame": {
        "rmsd": 0.008,
        "origin": [
          13.669,
          11.863,
          31.846
        ],
        "x_axis": [
          -0.61,
          0.786,
          -0.103
        ],
        "y_axis": [
          0.771,
          0.618,
          0.156
        ],
        "z_axis": [
          0.186,
          0.016,
          -0.982
        ],
        "quaternion": [
          0.081,
          0.434,
          0.896,
          0.048
        ]
      },
      "sse": {
        "sse": null
      },
      "binding_protein": null,
      "binding_ion": null,
      "binding_small-molecule": "",
      "TotalAsa": 143.50338602777273,
      "PolarAsa": 100.91004516203618,
      "ApolarAsa": 42.593340865736536,
      "id": "430d.A.12"
    },
    {
      "index": 13,
      "index_chain": 13,
      "chain_name": "A",
      "nt_resnum": 13,
      "nt_name": "C",
      "nt_code": "C",
      "nt_id": "A.C13",
      "nt_type": "RNA",
      "dbn": "(",
      "summary": "anti,~C3'-endo,BI,isolated-canonical,non-pair-contact,helix,hairpin-loop,internal-loop",
      "alpha": -44.916,
      "beta": 164.793,
      "gamma": 43.317,
      "delta": 86.19,
      "epsilon": -144.409,
      "zeta": -70.91,
      "epsilon_zeta": -73.499,
      "bb_type": "BI",
      "chi": -163.119,
      "glyco_bond": "anti",
      "C5prime_xyz": [
        -1.36,
        8.673,
        0.674
      ],
      "P_xyz": [
        1.243,
        8.936,
        0.764
      ],
      "form": "A",
      "ssZp": 4.528,
      "Dp": 4.695,
      "splay_angle": 21.643,
      "splay_distance": 3.474,
      "splay_ratio": 0.192,
      "eta": 168.262,
      "theta": -134.797,
      "eta_prime": -164.836,
      "theta_prime": -135.679,
      "eta_base": -93.18,
      "theta_base": -102.494,
      "v0": 3.373,
      "v1": -27.741,
      "v2": 40.147,
      "v3": -39.31,
      "v4": 22.561,
      "amplitude": 41.372,
      "phase_angle": 13.978,
      "puckering": "C3'-endo",
      "sugar_class": "~C3'-endo",
      "bin": "33p",
      "cluster": "1a",
      "suiteness": 0.524,
      "filter_rmsd": 0.063,
      "frame": {
        "rmsd": 0.006,
        "origin": [
          12.419,
          14.738,
          28.141
        ],
        "x_axis": [
          0.318,
          0.936,
          -0.15
        ],
        "y_axis": [
          0.943,
          -0.296,
          0.152
        ],
        "z_axis": [
          0.097,
          -0.19,
          -0.977
        ],
        "quaternion": [
          0.106,
          0.805,
          0.584,
          -0.016
        ]
      },
      "sse": {
        "sse": "hairpin_1"
      },
      "binding_protein": null,
      "binding_ion": null,
      "binding_small-molecule": "",
      "TotalAsa": 137.54446549882317,
      "PolarAsa": 103.01689492463876,
      "ApolarAsa": 34.527570574184395,
      "id": "430d.A.13"
    },
    {
      "index": 14,
      "index_chain": 14,
      "chain_name": "A",
      "nt_resnum": 14,
      "nt_name": "G",
      "nt_code": "G",
      "nt_id": "A.G14",
      "nt_type": "RNA",
      "dbn": ".",
      "summary": "u-turn,anti,~C3'-endo,BI,non-canonical,non-pair-contact,helix-end,hairpin-loop,cap-acceptor",
      "alpha": -62.261,
      "beta": -179.661,
      "gamma": 38.408,
      "delta": 85.403,
      "epsilon": -143.352,
      "zeta": -50.475,
      "epsilon_zeta": -92.876,
      "bb_type": "BI",
      "chi": -157.726,
      "glyco_bond": "anti",
      "C5prime_xyz": [
        -1.369,
        8.725,
        0.584
      ],
      "P_xyz": [
        1.154,
        9.305,
        0.901
      ],
      "form": ".",
      "ssZp": 4.604,
      "Dp": 4.754,
      "splay_angle": 82.244,
      "splay_distance": 11.494,
      "splay_ratio": 0.658,
      "eta": 163.761,
      "theta": -115.79,
      "eta_prime": 176.431,
      "theta_prime": -160.247,
      "eta_base": -133.471,
      "theta_base": 142.762,
      "v0": -1.785,
      "v1": -23.353,
      "v2": 37.752,
      "v3": -39.907,
      "v4": 26.429,
      "amplitude": 40.458,
      "phase_angle": 21.072,
      "puckering": "C3'-endo",
      "sugar_class": "~C3'-endo",
      "bin": "33p",
      "cluster": "1a",
      "suiteness": 0.58,
      "filter_rmsd": 0.031,
      "frame": {
        "rmsd": 0.031,
        "origin": [
          12.37,
          16.465,
          25.127
        ],
        "x_axis": [
          0.806,
          0.555,
          0.206
        ],
        "y_axis": [
          0.553,
          -0.83,
          0.072
        ],
        "z_axis": [
          0.211,
          0.056,
          -0.976
        ],
        "quaternion": [
          0.004,
          0.95,
          0.292,
          0.11
        ]
      },
      "sse": {
        "sse": "hairpin_1"
      },
      "binding_protein": null,
      "binding_ion": null,
      "binding_small-molecule": null,
      "TotalAsa": 157.18918289728867,
      "PolarAsa": 120.82514893452537,
      "ApolarAsa": 36.3640339627633,
      "id": "430d.A.14"
    },
    {
      "index": 15,
      "index_chain": 15,
      "chain_name": "A",
      "nt_resnum": 15,
      "nt_name": "A",
      "nt_code": "A",
      "nt_id": "A.A15",
      "nt_type": "RNA",
      "dbn": ".",
      "summary": "turn,u-turn,anti,~C3'-endo,BI,non-pair-contact,hairpin-loop",
      "alpha": -177.148,
      "beta": 128.714,
      "gamma": 42.718,
      "delta": 87.31,
      "epsilon": -146.926,
      "zeta": -68.691,
      "epsilon_zeta": -78.235,
      "bb_type": "BI",
      "chi": -165.333,
      "glyco_bond": "anti",
      "C5prime_xyz": [
        -1.461,
        8.669,
        0.817
      ],
      "P_xyz": [
        1.208,
        8.436,
        0.717
      ],
      "form": ".",
      "ssZp": 4.45,
      "Dp": 4.568,
      "splay_angle": 24.962,
      "splay_distance": 3.867,
      "splay_ratio": 0.216,
      "eta": 14.929,
      "theta": -124.405,
      "eta_prime": 46.178,
      "theta_prime": -128.615,
      "eta_base": 25.767,
      "theta_base": -85.006,
      "v0": 1.251,
      "v1": -22.692,
      "v2": 34.216,
      "v3": -34.443,
      "v4": 21.023,
      "amplitude": 35.717,
      "phase_angle": 16.665,
      "puckering": "C3'-endo",
      "sugar_class": "~C3'-endo",
      "bin": "33p",
      "cluster": "1g",
      "suiteness": 0.409,
      "filter_rmsd": 0.037,
      "frame": {
        "rmsd": 0.009,
        "origin": [
          7.507,
          8.424,
          18.509
        ],
        "x_axis": [
          0.095,
          -0.815,
          0.571
        ],
        "y_axis": [
          0.975,
          0.193,
          0.112
        ],
        "z_axis": [
          -0.202,
          0.546,
          0.813
        ],
        "quaternion": [
          0.725,
          -0.15,
          -0.267,
          -0.617
        ]
      },
      "sse": {
        "sse": "hairpin_1"
      },
      "binding_protein": null,
      "binding_ion": null,
      "binding_small-molecule": null,
      "TotalAsa": 275.6652165971923,
      "PolarAsa": 173.48921745212627,
      "ApolarAsa": 102.17599914506609,
      "id": "430d.A.15"
    },
    {
      "index": 16,
      "index_chain": 16,
      "chain_name": "A",
      "nt_resnum": 16,
      "nt_name": "G",
      "nt_code": "G",
      "nt_id": "A.G16",
      "nt_type": "RNA",
      "dbn": ".",
      "summary": "u-turn,anti,~C3'-endo,BI,non-pair-contact,hairpin-loop,cap-donor,phosphate",
      "alpha": -70.891,
      "beta": 163.468,
      "gamma": 62.311,
      "delta": 92.444,
      "epsilon": -147.065,
      "zeta": -86.611,
      "epsilon_zeta": -60.453,
      "bb_type": "BI",
      "chi": -161.35,
      "glyco_bond": "anti",
      "C5prime_xyz": [
        -1.285,
        8.702,
        0.514
      ],
      "P_xyz": [
        1.348,
        8.873,
        0.357
      ],
      "form": ".",
      "ssZp": 4.237,
      "Dp": 4.482,
      "splay_angle": 22.492,
      "splay_distance": 3.475,
      "splay_ratio": 0.197,
      "eta": 164.249,
      "theta": -136.47,
      "eta_prime": -171.686,
      "theta_prime": -137.864,
      "eta_base": -102.65,
      "theta_base": -88.855,
      "v0": 0.76,
      "v1": -20.959,
      "v2": 31.905,
      "v3": -32.57,
      "v4": 20.013,
      "amplitude": 33.444,
      "phase_angle": 17.449,
      "puckering": "C3'-endo",
      "sugar_class": "~C3'-endo",
      "bin": "33p",
      "cluster": "1a",
      "suiteness": 0.563,
      "filter_rmsd": 0.013,
      "frame": {
        "rmsd": 0.013,
        "origin": [
          7.331,
          8.135,
          22.361
        ],
        "x_axis": [
          0.803,
          -0.395,
          0.447
        ],
        "y_axis": [
          0.537,
          0.804,
          -0.254
        ],
        "z_axis": [
          -0.259,
          0.444,
          0.858
        ],
        "quaternion": [
          0.931,
          -0.187,
          -0.19,
          -0.25
        ]
      },
      "sse": {
        "sse": "hairpin_1"
      },
      "binding_protein": null,
      "binding_ion": null,
      "binding_small-molecule": "",
      "TotalAsa": 173.14450518375838,
      "PolarAsa": 132.63884395002657,
      "ApolarAsa": 40.505661233731814,
      "id": "430d.A.16"
    },
    {
      "index": 17,
      "index_chain": 17,
      "chain_name": "A",
      "nt_resnum": 17,
      "nt_name": "A",
      "nt_code": "A",
      "nt_id": "A.A17",
      "nt_type": "RNA",
      "dbn": ".",
      "summary": "u-turn,anti,~C3'-endo,BI,non-canonical,non-pair-contact,helix-end,hairpin-loop,phosphate",
      "alpha": -25.909,
      "beta": 167.771,
      "gamma": 15.721,
      "delta": 94.126,
      "epsilon": -147.584,
      "zeta": -80.661,
      "epsilon_zeta": -66.923,
      "bb_type": "BI",
      "chi": -138.035,
      "glyco_bond": "anti",
      "C5prime_xyz": [
        -0.671,
        8.278,
        -0.744
      ],
      "P_xyz": [
        1.96,
        8.294,
        -0.449
      ],
      "form": ".",
      "ssZp": 3.645,
      "Dp": 4.663,
      "splay_angle": 46.54,
      "splay_distance": 7.503,
      "splay_ratio": 0.395,
      "eta": 169.426,
      "theta": -96.496,
      "eta_prime": -174.636,
      "theta_prime": -85.013,
      "eta_base": -110.854,
      "theta_base": -67.672,
      "v0": 19.67,
      "v1": -35.109,
      "v2": 36.526,
      "v3": -25.976,
      "v4": 4.107,
      "amplitude": 37.398,
      "phase_angle": 347.609,
      "puckering": "C2'-exo",
      "sugar_class": "~C3'-endo",
      "bin": "trig",
      "cluster": "!!",
      "suiteness": 0.0,
      "filter_rmsd": 0.04,
      "frame": {
        "rmsd": 0.011,
        "origin": [
          8.31,
          9.192,
          25.523
        ],
        "x_axis": [
          0.925,
          0.366,
          0.097
        ],
        "y_axis": [
          -0.32,
          0.893,
          -0.315
        ],
        "z_axis": [
          -0.202,
          0.26,
          0.944
        ],
        "quaternion": [
          0.97,
          -0.148,
          -0.077,
          0.177
        ]
      },
      "sse": {
        "sse": "hairpin_1"
      },
      "binding_protein": null,
      "binding_ion": null,
      "binding_small-molecule": null,
      "TotalAsa": 197.28032356828103,
      "PolarAsa": 131.17387558744826,
      "ApolarAsa": 66.10644798083273,
      "id": "430d.A.17"
    },
    {
      "index": 18,
      "index_chain": 18,
      "chain_name": "A",
      "nt_resnum": 18,
      "nt_name": "G",
      "nt_code": "G",
      "nt_id": "A.G18",
      "nt_type": "RNA",
      "dbn": ")",
      "summary": "anti,~C3'-endo,BI,isolated-canonical,non-pair-contact,helix,hairpin-loop,internal-loop",
      "alpha": 133.45,
      "beta": -100.878,
      "gamma": -174.434,
      "delta": 77.551,
      "epsilon": -138.587,
      "zeta": -52.073,
      "epsilon_zeta": -86.514,
      "bb_type": "BI",
      "chi": 178.821,
      "glyco_bond": "anti",
      "C5prime_xyz": [
        -1.47,
        8.468,
        1.613
      ],
      "P_xyz": [
        -0.205,
        9.645,
        -0.377
      ],
      "form": ".",
      "ssZp": 4.649,
      "Dp": 4.722,
      "splay_angle": 32.68,
      "splay_distance": 4.947,
      "splay_ratio": 0.283,
      "eta": -177.448,
      "theta": -138.489,
      "eta_prime": -131.049,
      "theta_prime": -140.561,
      "eta_base": -81.407,
      "theta_base": -84.065,
      "v0": 2.979,
      "v1": -27.847,
      "v2": 41.202,
      "v3": -40.423,
      "v4": 23.734,
      "amplitude": 42.601,
      "phase_angle": 14.727,
      "puckering": "C3'-endo",
      "sugar_class": "~C3'-endo",
      "bin": "33t",
      "cluster": "!!",
      "suiteness": 0.0,
      "filter_rmsd": 0.015,
      "frame": {
        "rmsd": 0.015,
        "origin": [
          12.378,
          14.659,
          28.665
        ],
        "x_axis": [
          0.294,
          0.954,
          -0.055
        ],
        "y_axis": [
          -0.935,
          0.275,
          -0.223
        ],
        "z_axis": [
          -0.198,
          0.117,
          0.973
        ],
        "quaternion": [
          0.797,
          -0.107,
          -0.045,
          0.592
        ]
      },
      "sse": {
        "sse": "hairpin_1"
      },
      "binding_protein": null,
      "binding_ion": null,
      "binding_small-molecule": null,
      "TotalAsa": 155.40066443577456,
      "PolarAsa": 123.36089427940503,
      "ApolarAsa": 32.0397701563695,
      "id": "430d.A.18"
    },
    {
      "index": 19,
      "index_chain": 19,
      "chain_name": "A",
      "nt_resnum": 19,
      "nt_name": "G",
      "nt_code": "G",
      "nt_id": "A.G19",
      "nt_type": "RNA",
      "dbn": ".",
      "summary": "anti,~C3'-endo,BI,non-canonical,non-pair-contact,helix,internal-loop",
      "alpha": -68.628,
      "beta": -179.374,
      "gamma": 45.352,
      "delta": 80.237,
      "epsilon": -159.166,
      "zeta": -82.488,
      "epsilon_zeta": -76.678,
      "bb_type": "BI",
      "chi": -156.831,
      "glyco_bond": "anti",
      "C5prime_xyz": [
        -1.132,
        8.68,
        0.325
      ],
      "P_xyz": [
        1.473,
        8.877,
        0.432
      ],
      "form": ".",
      "ssZp": 4.4,
      "Dp": 4.669,
      "splay_angle": 71.253,
      "splay_distance": 11.243,
      "splay_ratio": 0.588,
      "eta": 156.651,
      "theta": 168.029,
      "eta_prime": -176.096,
      "theta_prime": 152.423,
      "eta_base": -92.234,
      "theta_base": 138.467,
      "v0": 4.785,
      "v1": -30.656,
      "v2": 43.75,
      "v3": -41.877,
      "v4": 23.39,
      "amplitude": 44.811,
      "phase_angle": 12.49,
      "puckering": "C3'-endo",
      "sugar_class": "~C3'-endo",
      "bin": "33p",
      "cluster": "1a",
      "suiteness": 0.66,
      "filter_rmsd": 0.011,
      "frame": {
        "rmsd": 0.011,
        "origin": [
          11.859,
          19.044,
          30.896
        ],
        "x_axis": [
          -0.717,
          0.689,
          -0.11
        ],
        "y_axis": [
          -0.697,
          -0.711,
          0.091
        ],
        "z_axis": [
          -0.016,
          0.142,
          0.99
        ],
        "quaternion": [
          0.375,
          -0.034,
          0.063,
          0.924
        ]
      },
      "sse": {
        "sse": null
      },
      "binding_protein": null,
      "binding_ion": null,
      "binding_small-molecule": "",
      "TotalAsa": 124.24196965014545,
      "PolarAsa": 92.00051619516127,
      "ApolarAsa": 32.24145345498417,
      "id": "430d.A.19"
    },
    {
      "index": 2,
      "index_chain": 2,
      "chain_name": "A",
      "nt_resnum": 2,
      "nt_name": "G",
      "nt_code": "G",
      "nt_id": "A.G2",
      "nt_type": "RNA",
      "dbn": "(",
      "summary": "anti,~C3'-endo,BI,canonical,non-pair-contact,helix,stem",
      "alpha": -85.73,
      "beta": 178.301,
      "gamma": 71.119,
      "delta": 77.194,
      "epsilon": -148.689,
      "zeta": -79.705,
      "epsilon_zeta": -68.984,
      "bb_type": "BI",
      "chi": -174.564,
      "glyco_bond": "anti",
      "C5prime_xyz": [
        -1.655,
        8.704,
        1.196
      ],
      "P_xyz": [
        0.937,
        9.313,
        1.304
      ],
      "form": "A",
      "ssZp": 4.615,
      "Dp": 4.68,
      "splay_angle": 24.815,
      "splay_distance": 3.864,
      "splay_ratio": 0.219,
      "eta": 170.152,
      "theta": -152.554,
      "eta_prime": -170.484,
      "theta_prime": -152.845,
      "eta_base": -131.471,
      "theta_base": -130.296,
      "v0": -0.864,
      "v1": -25.11,
      "v2": 40.678,
      "v3": -41.655,
      "v4": 26.845,
      "amplitude": 43.145,
      "phase_angle": 19.467,
      "puckering": "C3'-endo",
      "sugar_class": "~C3'-endo",
      "bin": "33p",
      "cluster": "1a",
      "suiteness": 0.235,
      "filter_rmsd": 0.012,
      "frame": {
        "rmsd": 0.012,
        "origin": [
          8.531,
          11.839,
          60.311
        ],
        "x_axis": [
          0.957,
          0.205,
          -0.204
        ],
        "y_axis": [
          0.11,
          -0.911,
          -0.396
        ],
        "z_axis": [
          -0.267,
          0.357,
          -0.895
        ],
        "quaternion": [
          -0.194,
          0.97,
          0.081,
          -0.121
        ]
      },
      "sse": {
        "sse": null
      },
      "binding_protein": null,
      "binding_ion": null,
      "binding_small-molecule": null,
      "TotalAsa": 181.06575618914675,
      "PolarAsa": 145.14228918641314,
      "ApolarAsa": 35.9234670027336,
      "id": "430d.A.2"
    },
    {
      "index": 20,
      "index_chain": 20,
      "chain_name": "A",
      "nt_resnum": 20,
      "nt_name": "A",
      "nt_code": "A",
      "nt_id": "A.A20",
      "nt_type": "RNA",
      "dbn": ".",
      "summary": "anti,~C3'-endo,non-canonical,non-pair-contact,helix,multiplet,internal-loop,phosphate",
      "alpha": -108.651,
      "beta": 83.788,
      "gamma": 160.385,
      "delta": 87.812,
      "epsilon": -121.998,
      "zeta": -97.755,
      "epsilon_zeta": -24.242,
      "bb_type": "--",
      "chi": -177.908,
      "glyco_bond": "anti",
      "C5prime_xyz": [
        -1.549,
        8.353,
        1.565
      ],
      "P_xyz": [
        -1.809,
        10.325,
        -0.155
      ],
      "form": ".",
      "ssZp": 4.63,
      "Dp": 4.684,
      "splay_angle": 23.012,
      "splay_distance": 3.574,
      "splay_ratio": 0.199,
      "eta": -156.709,
      "theta": 161.671,
      "eta_prime": 175.696,
      "theta_prime": -178.192,
      "eta_base": 150.589,
      "theta_base": -124.202,
      "v0": 8.078,
      "v1": -27.874,
      "v2": 36.023,
      "v3": -32.261,
      "v4": 15.526,
      "amplitude": 36.228,
      "phase_angle": 6.093,
      "puckering": "C3'-endo",
      "sugar_class": "~C3'-endo",
      "bin": "33t",
      "cluster": "1e",
      "suiteness": 0.885,
      "filter_rmsd": 0.039,
      "frame": {
        "rmsd": 0.011,
        "origin": [
          18.451,
          11.113,
          35.376
        ],
        "x_axis": [
          0.36,
          0.93,
          -0.075
        ],
        "y_axis": [
          -0.928,
          0.366,
          0.074
        ],
        "z_axis": [
          0.096,
          0.043,
          0.994
        ],
        "quaternion": [
          0.825,
          0.009,
          0.052,
          0.563
        ]
      },
      "sse": {
        "sse": null
      },
      "binding_protein": null,
      "binding_ion": null,
      "binding_small-molecule": null,
      "TotalAsa": 133.31060163441626,
      "PolarAsa": 97.82317424897545,
      "ApolarAsa": 35.4874273854408,
      "id": "430d.A.20"
    },
    {
      "index": 21,
      "index_chain": 21,
      "chain_name": "A",
      "nt_resnum": 21,
      "nt_name": "A",
      "nt_code": "A",
      "nt_id": "A.A21",
      "nt_type": "RNA",
      "dbn": ".",
      "summary": "anti,~C3'-endo,BI,non-canonical,non-pair-contact,helix,internal-loop,phosphate",
      "alpha": -29.507,
      "beta": 133.597,
      "gamma": 39.896,
      "delta": 81.763,
      "epsilon": -133.039,
      "zeta": -86.337,
      "epsilon_zeta": -46.702,
      "bb_type": "BI",
      "chi": -175.494,
      "glyco_bond": "anti",
      "C5prime_xyz": [
        -1.844,
        8.617,
        1.373
      ],
      "P_xyz": [
        0.758,
        8.731,
        1.87
      ],
      "form": "A",
      "ssZp": 4.506,
      "Dp": 4.543,
      "splay_angle": 24.325,
      "splay_distance": 3.785,
      "splay_ratio": 0.211,
      "eta": 166.518,
      "theta": -139.497,
      "eta_prime": -172.933,
      "theta_prime": -140.388,
      "eta_base": -109.403,
      "theta_base": -107.914,
      "v0": -1.04,
      "v1": -22.513,
      "v2": 35.967,
      "v3": -37.776,
      "v4": 24.582,
      "amplitude": 38.342,
      "phase_angle": 20.272,
      "puckering": "C3'-endo",
      "sugar_class": "~C3'-endo",
      "bin": "33p",
      "cluster": "1L",
      "suiteness": 0.158,
      "filter_rmsd": 0.041,
      "frame": {
        "rmsd": 0.013,
        "origin": [
          19.611,
          12.818,
          38.295
        ],
        "x_axis": [
          -0.38,
          0.919,
          -0.108
        ],
        "y_axis": [
          -0.924,
          -0.373,
          0.078
        ],
        "z_axis": [
          0.031,
          0.129,
          0.991
        ],
        "quaternion": [
          0.556,
          -0.023,
          0.062,
          0.828
        ]
      },
      "sse": {
        "sse": null
      },
      "binding_protein": null,
      "binding_ion": null,
      "binding_small-molecule": null,
      "TotalAsa": 176.85242579974778,
      "PolarAsa": 113.18428398596049,
      "ApolarAsa": 63.66814181378728,
      "id": "430d.A.21"
    },
    {
      "index": 22,
      "index_chain": 22,
      "chain_name": "A",
      "nt_resnum": 22,
      "nt_name": "C",
      "nt_code": "C",
      "nt_id": "A.C22",
      "nt_type": "RNA",
      "dbn": ".",
      "summary": "anti,~C3'-endo,BI,non-pair-contact,internal-loop",
      "alpha": -62.586,
      "beta": 168.956,
      "gamma": 40.006,
      "delta": 87.031,
      "epsilon": -144.161,
      "zeta": -70.427,
      "epsilon_zeta": -73.735,
      "bb_type": "BI",
      "chi": -174.583,
      "glyco_bond": "anti",
      "C5prime_xyz": [
        -1.351,
        8.518,
        1.391
      ],
      "P_xyz": [
        1.134,
        8.644,
        2.138
      ],
      "form": ".",
      "ssZp": 4.723,
      "Dp": 4.699,
      "splay_angle": 43.638,
      "splay_distance": 6.718,
      "splay_ratio": 0.374,
      "eta": 157.206,
      "theta": -134.501,
      "eta_prime": 168.872,
      "theta_prime": -134.062,
      "eta_base": -141.319,
      "theta_base": -121.415,
      "v0": 7.156,
      "v1": -29.798,
      "v2": 39.335,
      "v3": -36.313,
      "v4": 18.444,
      "amplitude": 39.758,
      "phase_angle": 8.366,
      "puckering": "C3'-endo",
      "sugar_class": "~C3'-endo",
      "bin": "33p",
      "cluster": "1a",
      "suiteness": 0.547,
      "filter_rmsd": 0.063,
      "frame": {
        "rmsd": 0.005,
        "origin": [
          20.222,
          14.338,
          41.707
        ],
        "x_axis": [
          -0.857,
          0.389,
          -0.339
        ],
        "y_axis": [
          -0.427,
          -0.903,
          0.042
        ],
        "z_axis": [
          -0.29,
          0.181,
          0.94
        ],
        "quaternion": [
          0.212,
          -0.163,
          0.058,
          0.962
        ]
      },
      "sse": {
        "sse": null
      },
      "binding_protein": null,
      "binding_ion": null,
      "binding_small-molecule": null,
      "TotalAsa": 185.35888557961238,
      "PolarAsa": 131.31978394256407,
      "ApolarAsa": 54.039101637048304,
      "id": "430d.A.22"
    },
    {
      "index": 23,
      "index_chain": 23,
      "chain_name": "A",
      "nt_resnum": 23,
      "nt_name": "C",
      "nt_code": "C",
      "nt_id": "A.C23",
      "nt_type": "RNA",
      "dbn": ".",
      "summary": "anti,~C3'-endo,BI,non-canonical,non-pair-contact,helix,internal-loop",
      "alpha": -55.557,
      "beta": 167.172,
      "gamma": 62.272,
      "delta": 68.28,
      "epsilon": -131.4,
      "zeta": -57.581,
      "epsilon_zeta": -73.82,
      "bb_type": "BI",
      "chi": 150.743,
      "glyco_bond": "anti",
      "C5prime_xyz": [
        -2.427,
        7.666,
        2.983
      ],
      "P_xyz": [
        -0.198,
        8.4,
        4.135
      ],
      "form": ".",
      "ssZp": 4.57,
      "Dp": 4.826,
      "splay_angle": 36.958,
      "splay_distance": 5.642,
      "splay_ratio": 0.342,
      "eta": 176.174,
      "theta": -127.169,
      "eta_prime": -168.031,
      "theta_prime": -120.024,
      "eta_base": -129.44,
      "theta_base": -66.157,
      "v0": -2.277,
      "v1": -27.676,
      "v2": 45.802,
      "v3": -47.752,
      "v4": 31.456,
      "amplitude": 49.026,
      "phase_angle": 20.893,
      "puckering": "C3'-endo",
      "sugar_class": "~C3'-endo",
      "bin": "33p",
      "cluster": "1a",
      "suiteness": 0.499,
      "filter_rmsd": 0.059,
      "frame": {
        "rmsd": 0.015,
        "origin": [
          19.266,
          17.494,
          47.56
        ],
        "x_axis": [
          -0.958,
          0.048,
          -0.282
        ],
        "y_axis": [
          0.082,
          -0.899,
          -0.43
        ],
        "z_axis": [
          -0.274,
          -0.435,
          0.858
        ],
        "quaternion": [
          -0.009,
          -0.144,
          -0.224,
          0.964
        ]
      },
      "sse": {
        "sse": null
      },
      "binding_protein": null,
      "binding_ion": null,
      "binding_small-molecule": "",
      "TotalAsa": 184.5291966476275,
      "PolarAsa": 137.7174100569093,
      "ApolarAsa": 46.81178659071818,
      "id": "430d.A.23"
    },
    {
      "index": 24,
      "index_chain": 24,
      "chain_name": "A",
      "nt_resnum": 24,
      "nt_name": "G",
      "nt_code": "G",
      "nt_id": "A.G24",
      "nt_type": "RNA",
      "dbn": ")",
      "summary": "anti,~C3'-endo,BI,canonical,non-pair-contact,helix,stem-end,internal-loop,phosphate",
      "alpha": -79.606,
      "beta": -170.495,
      "gamma": 69.146,
      "delta": 89.102,
      "epsilon": 179.799,
      "zeta": -69.477,
      "epsilon_zeta": -110.724,
      "bb_type": "BI",
      "chi": -174.09,
      "glyco_bond": "anti",
      "C5prime_xyz": [
        -1.785,
        8.658,
        1.191
      ],
      "P_xyz": [
        0.676,
        9.134,
        1.952
      ],
      "form": ".",
      "ssZp": 3.965,
      "Dp": 4.113,
      "splay_angle": 28.227,
      "splay_distance": 4.486,
      "splay_ratio": 0.249,
      "eta": 168.203,
      "theta": -145.396,
      "eta_prime": -162.112,
      "theta_prime": -152.608,
      "eta_base": -82.581,
      "theta_base": -135.337,
      "v0": -1.395,
      "v1": -21.139,
      "v2": 34.29,
      "v3": -36.156,
      "v4": 23.639,
      "amplitude": 36.676,
      "phase_angle": 20.782,
      "puckering": "C3'-endo",
      "sugar_class": "~C3'-endo",
      "bin": "33p",
      "cluster": "1a",
      "suiteness": 0.258,
      "filter_rmsd": 0.019,
      "frame": {
        "rmsd": 0.019,
        "origin": [
          13.992,
          16.576,
          49.343
        ],
        "x_axis": [
          -0.382,
          -0.857,
          -0.346
        ],
        "y_axis": [
          0.916,
          -0.401,
          -0.017
        ],
        "z_axis": [
          -0.124,
          -0.323,
          0.938
        ],
        "quaternion": [
          0.538,
          0.142,
          0.103,
          -0.825
        ]
      },
      "sse": {
        "sse": null
      },
      "binding_protein": null,
      "binding_ion": null,
      "binding_small-molecule": "",
      "TotalAsa": 182.8236408964197,
      "PolarAsa": 136.67082072715536,
      "ApolarAsa": 46.15282016926432,
      "id": "430d.A.24"
    },
    {
      "index": 25,
      "index_chain": 25,
      "chain_name": "A",
      "nt_resnum": 25,
      "nt_name": "C",
      "nt_code": "C",
      "nt_id": "A.C25",
      "nt_type": "RNA",
      "dbn": ")",
      "summary": "anti,~C3'-endo,BI,canonical,non-pair-contact,helix,stem",
      "alpha": -143.68,
      "beta": -171.914,
      "gamma": 116.48,
      "delta": 74.942,
      "epsilon": -135.654,
      "zeta": -88.431,
      "epsilon_zeta": -47.223,
      "bb_type": "BI",
      "chi": 169.894,
      "glyco_bond": "anti",
      "C5prime_xyz": [
        -1.796,
        8.167,
        2.286
      ],
      "P_xyz": [
        0.615,
        9.156,
        2.366
      ],
      "form": "A",
      "ssZp": 4.718,
      "Dp": 4.721,
      "splay_angle": 19.942,
      "splay_distance": 3.072,
      "splay_ratio": 0.179,
      "eta": 165.69,
      "theta": -159.182,
      "eta_prime": 174.456,
      "theta_prime": -153.898,
      "eta_base": -151.591,
      "theta_base": -128.536,
      "v0": 2.047,
      "v1": -27.156,
      "v2": 41.213,
      "v3": -40.965,
      "v4": 24.394,
      "amplitude": 42.855,
      "phase_angle": 15.91,
      "puckering": "C3'-endo",
      "sugar_class": "~C3'-endo",
      "bin": "trig",
      "cluster": "!!",
      "suiteness": 0.0,
      "filter_rmsd": 0.063,
      "frame": {
        "rmsd": 0.005,
        "origin": [
          11.437,
          17.313,
          52.956
        ],
        "x_axis": [
          0.05,
          -0.966,
          -0.253
        ],
        "y_axis": [
          0.996,
          0.068,
          -0.061
        ],
        "z_axis": [
          0.076,
          -0.249,
          0.966
        ],
        "quaternion": [
          0.722,
          0.065,
          0.114,
          -0.68
        ]
      },
      "sse": {
        "sse": null
      },
      "binding_protein": null,
      "binding_ion": null,
      "binding_small-molecule": "",
      "TotalAsa": 180.13722649006928,
      "PolarAsa": 128.23122572291368,
      "ApolarAsa": 51.90600076715565,
      "id": "430d.A.25"
    },
    {
      "index": 26,
      "index_chain": 26,
      "chain_name": "A",
      "nt_resnum": 26,
      "nt_name": "A",
      "nt_code": "A",
      "nt_id": "A.A26",
      "nt_type": "RNA",
      "dbn": ")",
      "summary": "anti,~C3'-endo,BI,canonical,non-pair-contact,helix,stem",
      "alpha": -52.527,
      "beta": 163.011,
      "gamma": 53.378,
      "delta": 88.103,
      "epsilon": -151.025,
      "zeta": -78.983,
      "epsilon_zeta": -72.043,
      "bb_type": "BI",
      "chi": -161.7,
      "glyco_bond": "anti",
      "C5prime_xyz": [
        -1.366,
        8.703,
        0.662
      ],
      "P_xyz": [
        1.243,
        8.845,
        0.969
      ],
      "form": "A",
      "ssZp": 4.224,
      "Dp": 4.436,
      "splay_angle": 25.186,
      "splay_distance": 4.083,
      "splay_ratio": 0.219,
      "eta": 176.47,
      "theta": -143.587,
      "eta_prime": -171.415,
      "theta_prime": -147.078,
      "eta_base": -138.134,
      "theta_base": -138.527,
      "v0": -0.695,
      "v1": -21.753,
      "v2": 34.955,
      "v3": -36.272,
      "v4": 23.245,
      "amplitude": 37.122,
      "phase_angle": 19.672,
      "puckering": "C3'-endo",
      "sugar_class": "~C3'-endo",
      "bin": "33p",
      "cluster": "1a",
      "suiteness": 0.588,
      "filter_rmsd": 0.041,
      "frame": {
        "rmsd": 0.01,
        "origin": [
          9.608,
          16.305,
          55.21
        ],
        "x_axis": [
          0.605,
          -0.779,
          -0.164
        ],
        "y_axis": [
          0.79,
          0.562,
          0.243
        ],
        "z_axis": [
          -0.098,
          -0.276,
          0.956
        ],
        "quaternion": [
          0.884,
          0.147,
          0.019,
          -0.444
        ]
      },
      "sse": {
        "sse": null
      },
      "binding_protein": null,
      "binding_ion": null,
      "binding_small-molecule": "",
      "TotalAsa": 277.0562433808947,
      "PolarAsa": 189.86195838460986,
      "ApolarAsa": 87.19428499628482,
      "id": "430d.A.26"
    },
    {
      "index": 27,
      "index_chain": 27,
      "chain_name": "A",
      "nt_resnum": 27,
      "nt_name": "CBV",
      "nt_code": "c",
      "is_modified": true,
      "nt_id": "A.CBV27",
      "nt_type": "RNA",
      "dbn": ")",
      "summary": "modified,anti,~C3'-endo,BI,canonical,non-pair-contact,helix,stem",
      "alpha": -95.757,
      "beta": 171.653,
      "gamma": 73.676,
      "delta": 81.109,
      "epsilon": -150.3,
      "zeta": -69.672,
      "epsilon_zeta": -80.628,
      "bb_type": "BI",
      "chi": -170.413,
      "glyco_bond": "anti",
      "C5prime_xyz": [
        -1.778,
        8.752,
        1.027
      ],
      "P_xyz": [
        0.79,
        9.431,
        0.987
      ],
      "form": "A",
      "ssZp": 4.455,
      "Dp": 4.523,
      "splay_angle": 22.932,
      "splay_distance": 3.847,
      "splay_ratio": 0.209,
      "eta": 155.226,
      "theta": -137.754,
      "eta_prime": 167.057,
      "theta_prime": -139.404,
      "eta_base": -167.548,
      "theta_base": -106.228,
      "v0": -5.92,
      "v1": -19.663,
      "v2": 36.723,
      "v3": -40.745,
      "v4": 29.022,
      "amplitude": 40.987,
      "phase_angle": 26.367,
      "puckering": "C3'-endo",
      "sugar_class": "~C3'-endo",
      "bin": "33p",
      "cluster": "1a",
      "suiteness": 0.136,
      "filter_rmsd": 0.068,
      "frame": {
        "rmsd": 0.018,
        "origin": [
          7.424,
          14.879,
          58.35
        ],
        "x_axis": [
          0.855,
          -0.416,
          -0.31
        ],
        "y_axis": [
          0.499,
          0.822,
          0.274
        ],
        "z_axis": [
          0.14,
          -0.389,
          0.91
        ],
        "quaternion": [
          0.947,
          0.175,
          0.119,
          -0.242
        ]
      },
      "sse": {
        "sse": null
      },
      "binding_protein": null,
      "binding_ion": null,
      "binding_small-molecule": null,
      "TotalAsa": 0,
      "PolarAsa": 0,
      "ApolarAsa": 0,
      "id": "430d.A.27"
    },
    {
      "index": 28,
      "index_chain": 28,
      "chain_name": "A",
      "nt_resnum": 28,
      "nt_name": "C",
      "nt_code": "C",
      "nt_id": "A.C28",
      "nt_type": "RNA",
      "dbn": ")",
      "summary": "anti,~C3'-endo,BI,canonical,non-pair-contact,helix,stem",
      "alpha": -50.919,
      "beta": 174.148,
      "gamma": 46.251,
      "delta": 73.39,
      "epsilon": -167.841,
      "zeta": -62.939,
      "epsilon_zeta": -104.903,
      "bb_type": "BI",
      "chi": -156.026,
      "glyco_bond": "anti",
      "C5prime_xyz": [
        -1.709,
        8.932,
        0.075
      ],
      "P_xyz": [
        0.757,
        9.771,
        0.229
      ],
      "form": "A",
      "ssZp": 4.252,
      "Dp": 4.53,
      "splay_angle": 24.845,
      "splay_distance": 4.014,
      "splay_ratio": 0.218,
      "eta": 169.357,
      "theta": -157.123,
      "eta_prime": -173.641,
      "theta_prime": -155.744,
      "eta_base": -121.458,
      "theta_base": -133.086,
      "v0": -6.139,
      "v1": -23.784,
      "v2": 43.261,
      "v3": -47.219,
      "v4": 33.86,
      "amplitude": 47.92,
      "phase_angle": 25.475,
      "puckering": "C3'-endo",
      "sugar_class": "~C3'-endo",
      "bin": "33p",
      "cluster": "1a",
      "suiteness": 0.694,
      "filter_rmsd": 0.062,
      "frame": {
        "rmsd": 0.013,
        "origin": [
          8.838,
          11.66,
          59.912
        ],
        "x_axis": [
          0.991,
          0.13,
          0.012
        ],
        "y_axis": [
          -0.117,
          0.844,
          0.523
        ],
        "z_axis": [
          0.058,
          -0.52,
          0.852
        ],
        "quaternion": [
          0.96,
          0.272,
          0.012,
          0.064
        ]
      },
      "sse": {
        "sse": null
      },
      "binding_protein": null,
      "binding_ion": null,
      "binding_small-molecule": "",
      "TotalAsa": 253.9222517103978,
      "PolarAsa": 174.5023575825994,
      "ApolarAsa": 79.41989412779846,
      "id": "430d.A.28"
    },
    {
      "index": 29,
      "index_chain": 29,
      "chain_name": "A",
      "nt_resnum": 29,
      "nt_name": "C",
      "nt_code": "C",
      "nt_id": "A.C29",
      "nt_type": "RNA",
      "dbn": ")",
      "summary": "anti,~C3'-endo,canonical,non-pair-contact,helix-end,stem-end",
      "alpha": -71.831,
      "beta": -171.837,
      "gamma": 52.143,
      "delta": 82.525,
      "epsilon": null,
      "zeta": null,
      "epsilon_zeta": null,
      "bb_type": "--",
      "chi": -158.925,
      "glyco_bond": "anti",
      "C5prime_xyz": [
        -1.515,
        8.829,
        0.378
      ],
      "P_xyz": [
        1.0,
        9.463,
        0.649
      ],
      "form": "-",
      "ssZp": null,
      "Dp": null,
      "splay_angle": null,
      "splay_distance": null,
      "splay_ratio": null,
      "eta": null,
      "theta": null,
      "eta_prime": null,
      "theta_prime": null,
      "eta_base": null,
      "theta_base": null,
      "v0": -2.579,
      "v1": -24.782,
      "v2": 40.888,
      "v3": -43.249,
      "v4": 28.917,
      "amplitude": 43.993,
      "phase_angle": 21.655,
      "puckering": "C3'-endo",
      "sugar_class": "~C3'-endo",
      "bin": "33p",
      "cluster": "1a",
      "suiteness": 0.618,
      "filter_rmsd": 0.06,
      "frame": {
        "rmsd": 0.005,
        "origin": [
          9.946,
          8.553,
          62.199
        ],
        "x_axis": [
          0.806,
          0.58,
          0.116
        ],
        "y_axis": [
          -0.559,
          0.682,
          0.471
        ],
        "z_axis": [
          0.194,
          -0.445,
          0.874
        ],
        "quaternion": [
          0.917,
          0.25,
          0.021,
          0.311
        ]
      },
      "sse": {
        "sse": null
      },
      "binding_protein": null,
      "binding_ion": null,
      "binding_small-molecule": "",
      "TotalAsa": 271.3136689623646,
      "PolarAsa": 189.41348868746582,
      "ApolarAsa": 81.90018027489873,
      "id": "430d.A.29"
    },
    {
      "index": 3,
      "index_chain": 3,
      "chain_name": "A",
      "nt_resnum": 3,
      "nt_name": "G",
      "nt_code": "G",
      "nt_id": "A.G3",
      "nt_type": "RNA",
      "dbn": "(",
      "summary": "anti,~C3'-endo,BI,canonical,non-pair-contact,helix,stem",
      "alpha": -61.462,
      "beta": 178.242,
      "gamma": 47.307,
      "delta": 78.114,
      "epsilon": -135.348,
      "zeta": -83.211,
      "epsilon_zeta": -52.137,
      "bb_type": "BI",
      "chi": -165.36,
      "glyco_bond": "anti",
      "C5prime_xyz": [
        -1.21,
        8.644,
        0.852
      ],
      "P_xyz": [
        1.376,
        9.035,
        1.095
      ],
      "form": "A",
      "ssZp": 4.61,
      "Dp": 4.838,
      "splay_angle": 22.697,
      "splay_distance": 3.541,
      "splay_ratio": 0.2,
      "eta": 170.687,
      "theta": -144.446,
      "eta_prime": 175.79,
      "theta_prime": -138.302,
      "eta_base": -150.889,
      "theta_base": -102.478,
      "v0": 8.633,
      "v1": -32.959,
      "v2": 43.653,
      "v3": -39.305,
      "v4": 19.542,
      "amplitude": 44.012,
      "phase_angle": 7.318,
      "puckering": "C3'-endo",
      "sugar_class": "~C3'-endo",
      "bin": "33p",
      "cluster": "1a",
      "suiteness": 0.859,
      "filter_rmsd": 0.013,
      "frame": {
        "rmsd": 0.013,
        "origin": [
          7.919,
          14.954,
          58.109
        ],
        "x_axis": [
          0.884,
          -0.338,
          -0.324
        ],
        "y_axis": [
          -0.427,
          -0.865,
          -0.263
        ],
        "z_axis": [
          -0.191,
          0.371,
          -0.909
        ],
        "quaternion": [
          -0.166,
          0.956,
          -0.2,
          -0.135
        ]
      },
      "sse": {
        "sse": null
      },
      "binding_protein": null,
      "binding_ion": null,
      "binding_small-molecule": null,
      "TotalAsa": 188.85581701618733,
      "PolarAsa": 146.6346802976662,
      "ApolarAsa": 42.22113671852111,
      "id": "430d.A.3"
    },
    {
      "index": 4,
      "index_chain": 4,
      "chain_name": "A",
      "nt_resnum": 4,
      "nt_name": "U",
      "nt_code": "U",
      "nt_id": "A.U4",
      "nt_type": "RNA",
      "dbn": "(",
      "summary": "anti,~C3'-endo,BI,canonical,non-pair-contact,helix,stem",
      "alpha": -43.741,
      "beta": 154.388,
      "gamma": 46.863,
      "delta": 79.982,
      "epsilon": -140.393,
      "zeta": -89.669,
      "epsilon_zeta": -50.724,
      "bb_type": "BI",
      "chi": -161.03,
      "glyco_bond": "anti",
      "C5prime_xyz": [
        -1.491,
        8.756,
        0.549
      ],
      "P_xyz": [
        1.083,
        9.106,
        0.3
      ],
      "form": "A",
      "ssZp": 4.425,
      "Dp": 4.757,
      "splay_angle": 22.981,
      "splay_distance": 3.693,
      "splay_ratio": 0.202,
      "eta": 170.819,
      "theta": -150.667,
      "eta_prime": -173.064,
      "theta_prime": -151.629,
      "eta_base": -123.785,
      "theta_base": -134.829,
      "v0": -1.923,
      "v1": -27.355,
      "v2": 44.451,
      "v3": -46.406,
      "v4": 30.316,
      "amplitude": 47.472,
      "phase_angle": 20.552,
      "puckering": "C3'-endo",
      "sugar_class": "~C3'-endo",
      "bin": "33p",
      "cluster": "1a",
      "suiteness": 0.495,
      "filter_rmsd": 0.099,
      "frame": {
        "rmsd": 0.013,
        "origin": [
          9.76,
          16.094,
          55.307
        ],
        "x_axis": [
          0.48,
          -0.803,
          -0.354
        ],
        "y_axis": [
          -0.877,
          -0.434,
          -0.207
        ],
        "z_axis": [
          0.012,
          0.41,
          -0.912
        ],
        "quaternion": [
          -0.183,
          0.841,
          -0.5,
          -0.102
        ]
      },
      "sse": {
        "sse": null
      },
      "binding_protein": null,
      "binding_ion": null,
      "binding_small-molecule": "",
      "TotalAsa": 165.93658015396895,
      "PolarAsa": 116.03861533728471,
      "ApolarAsa": 49.897964816684265,
      "id": "430d.A.4"
    },
    {
      "index": 5,
      "index_chain": 5,
      "chain_name": "A",
      "nt_resnum": 5,
      "nt_name": "G",
      "nt_code": "G",
      "nt_id": "A.G5",
      "nt_type": "RNA",
      "dbn": "(",
      "summary": "anti,~C3'-endo,BI,canonical,non-pair-contact,helix,stem",
      "alpha": -55.996,
      "beta": 157.159,
      "gamma": 55.905,
      "delta": 79.233,
      "epsilon": -142.663,
      "zeta": -55.069,
      "epsilon_zeta": -87.595,
      "bb_type": "BI",
      "chi": -165.725,
      "glyco_bond": "anti",
      "C5prime_xyz": [
        -1.422,
        8.849,
        0.79
      ],
      "P_xyz": [
        1.112,
        9.384,
        0.339
      ],
      "form": ".",
      "ssZp": 4.667,
      "Dp": 4.743,
      "splay_angle": 21.971,
      "splay_distance": 4.054,
      "splay_ratio": 0.208,
      "eta": 171.46,
      "theta": -127.609,
      "eta_prime": -179.353,
      "theta_prime": -131.101,
      "eta_base": -149.742,
      "theta_base": -114.205,
      "v0": 0.169,
      "v1": -25.009,
      "v2": 38.858,
      "v3": -39.604,
      "v4": 25.102,
      "amplitude": 40.926,
      "phase_angle": 18.29,
      "puckering": "C3'-endo",
      "sugar_class": "~C3'-endo",
      "bin": "33p",
      "cluster": "1a",
      "suiteness": 0.666,
      "filter_rmsd": 0.022,
      "frame": {
        "rmsd": 0.022,
        "origin": [
          11.544,
          17.611,
          52.451
        ],
        "x_axis": [
          0.055,
          -0.953,
          -0.299
        ],
        "y_axis": [
          -0.991,
          -0.016,
          -0.134
        ],
        "z_axis": [
          0.123,
          0.304,
          -0.945
        ],
        "quaternion": [
          -0.154,
          0.71,
          -0.684,
          -0.062
        ]
      },
      "sse": {
        "sse": null
      },
      "binding_protein": null,
      "binding_ion": null,
      "binding_small-molecule": null,
      "TotalAsa": 182.6425238421111,
      "PolarAsa": 137.26962047222153,
      "ApolarAsa": 45.372903369889585,
      "id": "430d.A.5"
    },
    {
      "index": 6,
      "index_chain": 6,
      "chain_name": "A",
      "nt_resnum": 6,
      "nt_name": "C",
      "nt_code": "C",
      "nt_id": "A.C6",
      "nt_type": "RNA",
      "dbn": "(",
      "summary": "anti,~C3'-endo,BI,canonical,non-pair-contact,helix,stem-end,internal-loop",
      "alpha": -86.283,
      "beta": 154.369,
      "gamma": 94.319,
      "delta": 66.404,
      "epsilon": -146.053,
      "zeta": -78.102,
      "epsilon_zeta": -67.951,
      "bb_type": "BI",
      "chi": -175.826,
      "glyco_bond": "anti",
      "C5prime_xyz": [
        -2.401,
        8.889,
        1.195
      ],
      "P_xyz": [
        -0.608,
        10.552,
        0.271
      ],
      "form": ".",
      "ssZp": 4.709,
      "Dp": 4.659,
      "splay_angle": 34.456,
      "splay_distance": 5.224,
      "splay_ratio": 0.297,
      "eta": 168.878,
      "theta": -162.521,
      "eta_prime": -170.337,
      "theta_prime": -157.309,
      "eta_base": -131.827,
      "theta_base": -111.507,
      "v0": -18.406,
      "v1": -14.966,
      "v2": 40.76,
      "v3": -51.829,
      "v4": 44.392,
      "amplitude": 52.058,
      "phase_angle": 38.465,
      "puckering": "C4'-exo",
      "sugar_class": "~C3'-endo",
      "bin": "33p",
      "cluster": "!!",
      "suiteness": 0.0,
      "filter_rmsd": 0.063,
      "frame": {
        "rmsd": 0.009,
        "origin": [
          14.045,
          16.285,
          49.549
        ],
        "x_axis": [
          -0.346,
          -0.891,
          -0.293
        ],
        "y_axis": [
          -0.901,
          0.403,
          -0.161
        ],
        "z_axis": [
          0.261,
          0.208,
          -0.943
        ],
        "quaternion": [
          0.169,
          -0.546,
          0.82,
          0.014
        ]
      },
      "sse": {
        "sse": null
      },
      "binding_protein": null,
      "binding_ion": null,
      "binding_small-molecule": null,
      "TotalAsa": 179.21516715824572,
      "PolarAsa": 132.4101435199936,
      "ApolarAsa": 46.805023638252116,
      "id": "430d.A.6"
    },
    {
      "index": 7,
      "index_chain": 7,
      "chain_name": "A",
      "nt_resnum": 7,
      "nt_name": "U",
      "nt_code": "U",
      "nt_id": "A.U7",
      "nt_type": "RNA",
      "dbn": ".",
      "summary": "anti,~C3'-endo,BI,non-canonical,non-pair-contact,helix,internal-loop",
      "alpha": -54.715,
      "beta": 162.618,
      "gamma": 51.809,
      "delta": 85.02,
      "epsilon": -146.019,
      "zeta": -80.263,
      "epsilon_zeta": -65.755,
      "bb_type": "BI",
      "chi": 175.364,
      "glyco_bond": "anti",
      "C5prime_xyz": [
        -1.738,
        8.305,
        1.875
      ],
      "P_xyz": [
        0.822,
        8.552,
        2.481
      ],
      "form": ".",
      "ssZp": 4.65,
      "Dp": 4.645,
      "splay_angle": 16.145,
      "splay_distance": 2.614,
      "splay_ratio": 0.15,
      "eta": 170.423,
      "theta": -138.847,
      "eta_prime": -172.895,
      "theta_prime": -137.852,
      "eta_base": -110.79,
      "theta_base": -87.003,
      "v0": -0.125,
      "v1": -24.507,
      "v2": 38.386,
      "v3": -39.375,
      "v4": 24.817,
      "amplitude": 40.507,
      "phase_angle": 18.622,
      "puckering": "C3'-endo",
      "sugar_class": "~C3'-endo",
      "bin": "33p",
      "cluster": "1a",
      "suiteness": 0.408,
      "filter_rmsd": 0.104,
      "frame": {
        "rmsd": 0.005,
        "origin": [
          14.183,
          14.554,
          44.622
        ],
        "x_axis": [
          -0.936,
          -0.339,
          -0.092
        ],
        "y_axis": [
          -0.35,
          0.881,
          0.318
        ],
        "z_axis": [
          -0.027,
          0.33,
          -0.943
        ],
        "quaternion": [
          0.017,
          -0.177,
          0.97,
          0.167
        ]
      },
      "sse": {
        "sse": null
      },
      "binding_protein": null,
      "binding_ion": null,
      "binding_small-molecule": null,
      "TotalAsa": 169.53048451117394,
      "PolarAsa": 127.81036609346108,
      "ApolarAsa": 41.72011841771286,
      "id": "430d.A.7"
    },
    {
      "index": 8,
      "index_chain": 8,
      "chain_name": "A",
      "nt_resnum": 8,
      "nt_name": "C",
      "nt_code": "C",
      "nt_id": "A.C8",
      "nt_type": "RNA",
      "dbn": ".",
      "summary": "anti,~C3'-endo,non-canonical,non-pair-contact,internal-loop,phosphate",
      "alpha": -38.424,
      "beta": 157.564,
      "gamma": 42.316,
      "delta": 75.224,
      "epsilon": -157.306,
      "zeta": 70.548,
      "epsilon_zeta": 132.145,
      "bb_type": "--",
      "chi": -141.431,
      "glyco_bond": "anti",
      "C5prime_xyz": [
        -1.292,
        8.779,
        -0.509
      ],
      "P_xyz": [
        1.261,
        9.023,
        -0.986
      ],
      "form": ".",
      "ssZp": 3.754,
      "Dp": 4.646,
      "splay_angle": 23.805,
      "splay_distance": 3.782,
      "splay_ratio": 0.208,
      "eta": 173.526,
      "theta": -20.159,
      "eta_prime": -168.742,
      "theta_prime": -63.525,
      "eta_base": -99.653,
      "theta_base": -97.071,
      "v0": 3.209,
      "v1": -27.841,
      "v2": 40.572,
      "v3": -39.975,
      "v4": 23.376,
      "amplitude": 41.908,
      "phase_angle": 14.503,
      "puckering": "C3'-endo",
      "sugar_class": "~C3'-endo",
      "bin": "33p",
      "cluster": "1a",
      "suiteness": 0.351,
      "filter_rmsd": 0.063,
      "frame": {
        "rmsd": 0.005,
        "origin": [
          12.85,
          13.597,
          42.588
        ],
        "x_axis": [
          -0.824,
          0.397,
          -0.403
        ],
        "y_axis": [
          0.46,
          0.885,
          -0.067
        ],
        "z_axis": [
          0.331,
          -0.241,
          -0.913
        ],
        "quaternion": [
          0.193,
          0.225,
          0.952,
          -0.081
        ]
      },
      "sse": {
        "sse": null
      },
      "binding_protein": null,
      "binding_ion": null,
      "binding_small-molecule": null,
      "TotalAsa": 123.58269243254861,
      "PolarAsa": 89.80534519926749,
      "ApolarAsa": 33.77734723328112,
      "id": "430d.A.8"
    },
    {
      "index": 9,
      "index_chain": 9,
      "chain_name": "A",
      "nt_resnum": 9,
      "nt_name": "A",
      "nt_code": "A",
      "nt_id": "A.A9",
      "nt_type": "RNA",
      "dbn": ".",
      "summary": "anti,~C2'-endo,non-canonical,non-pair-contact,helix,internal-loop",
      "alpha": 172.469,
      "beta": 138.135,
      "gamma": 43.289,
      "delta": 154.827,
      "epsilon": -125.662,
      "zeta": 124.191,
      "epsilon_zeta": 110.147,
      "bb_type": "--",
      "chi": -136.745,
      "glyco_bond": "anti",
      "C5prime_xyz": [
        -1.964,
        8.713,
        -0.225
      ],
      "P_xyz": [
        0.43,
        8.826,
        0.873
      ],
      "form": ".",
      "ssZp": 1.169,
      "Dp": 1.343,
      "splay_angle": 39.897,
      "splay_distance": 6.627,
      "splay_ratio": 0.342,
      "eta": 34.852,
      "theta": -174.9,
      "eta_prime": 116.825,
      "theta_prime": 144.834,
      "eta_base": 127.157,
      "theta_base": 153.411,
      "v0": -24.605,
      "v1": 42.07,
      "v2": -42.087,
      "v3": 29.012,
      "v4": -2.923,
      "amplitude": 43.575,
      "phase_angle": 164.987,
      "puckering": "C2'-endo",
      "sugar_class": "~C2'-endo",
      "bin": "32p",
      "cluster": "5z",
      "suiteness": 0.588,
      "filter_rmsd": 0.042,
      "frame": {
        "rmsd": 0.018,
        "origin": [
          11.928,
          14.566,
          39.05
        ],
        "x_axis": [
          0.542,
          -0.762,
          0.355
        ],
        "y_axis": [
          0.83,
          0.553,
          -0.081
        ],
        "z_axis": [
          -0.134,
          0.339,
          0.931
        ],
        "quaternion": [
          0.87,
          -0.121,
          -0.141,
          -0.457
        ]
      },
      "sse": {
        "sse": null
      },
      "binding_protein": null,
      "binding_ion": null,
      "binding_small-molecule": null,
      "TotalAsa": 93.1995338532857,
      "PolarAsa": 59.31590048507548,
      "ApolarAsa": 33.8836333682102,
      "id": "430d.A.9"
    }
  ],
  "links": [
    {
      "LW": "B53",
      "backbone": true,
      "source": "430d.A.1",
      "target": "430d.A.2"
    },
    {
      "index": 1,
      "nt1": "A.G1",
      "nt2": "A.C29",
      "bp": "G-C",
      "name": "WC",
      "Saenger": "19-XIX",
      "LW": "cWW",
      "DSSR": "cW-W",
      "source": "430d.A.1",
      "target": "430d.A.29"
    },
    {
      "LW": "cSH",
      "backbone": true,
      "index": 10,
      "nt1": "A.G10",
      "nt2": "A.U11",
      "bp": "G+U",
      "name": "Platform",
      "Saenger": "--",
      "DSSR": "cm+M",
      "source": "430d.A.10",
      "target": "430d.A.11"
    },
    {
      "LW": "B35",
      "backbone": true,
      "source": "430d.A.10",
      "target": "430d.A.9"
    },
    {
      "LW": "B53",
      "backbone": true,
      "source": "430d.A.11",
      "target": "430d.A.12"
    },
    {
      "LW": "cHS",
      "backbone": true,
      "index": 10,
      "nt1": "A.U11",
      "nt2": "A.G10",
      "bp": "U+G",
      "name": "Platform",
      "Saenger": "--",
      "DSSR": "cm+M",
      "source": "430d.A.11",
      "target": "430d.A.10"
    },
    {
      "index": 11,
      "nt1": "A.U11",
      "nt2": "A.A20",
      "bp": "U-A",
      "name": "rHoogsteen",
      "Saenger": "24-XXIV",
      "LW": "tWH",
      "DSSR": "tW-M",
      "source": "430d.A.11",
      "target": "430d.A.20"
    },
    {
      "index": 12,
      "nt1": "A.U11",
      "nt2": "A.A21",
      "bp": "U-A",
      "name": "--",
      "Saenger": "--",
      "LW": "tWH",
      "DSSR": "tW-M",
      "source": "430d.A.11",
      "target": "430d.A.21"
    },
    {
      "LW": "B53",
      "backbone": true,
      "source": "430d.A.12",
      "target": "430d.A.13"
    },
    {
      "LW": "B35",
      "backbone": true,
      "source": "430d.A.12",
      "target": "430d.A.11"
    },
    {
      "index": 13,
      "nt1": "A.A12",
      "nt2": "A.G19",
      "bp": "A-G",
      "name": "Sheared",
      "Saenger": "11-XI",
      "LW": "tHS",
      "DSSR": "tM-m",
      "source": "430d.A.12",
      "target": "430d.A.19"
    },
    {
      "LW": "B53",
      "backbone": true,
      "source": "430d.A.13",
      "target": "430d.A.14"
    },
    {
      "LW": "B35",
      "backbone": true,
      "source": "430d.A.13",
      "target": "430d.A.12"
    },
    {
      "index": 14,
      "nt1": "A.C13",
      "nt2": "A.G18",
      "bp": "C-G",
      "name": "WC",
      "Saenger": "19-XIX",
      "LW": "cWW",
      "DSSR": "cW-W",
      "source": "430d.A.13",
      "target": "430d.A.18"
    },
    {
      "LW": "B53",
      "backbone": true,
      "source": "430d.A.14",
      "target": "430d.A.15"
    },
    {
      "LW": "B35",
      "backbone": true,
      "source": "430d.A.14",
      "target": "430d.A.13"
    },
    {
      "index": 15,
      "nt1": "A.G14",
      "nt2": "A.A17",
      "bp": "G-A",
      "name": "Sheared",
      "Saenger": "11-XI",
      "LW": "tSH",
      "DSSR": "tm-M",
      "source": "430d.A.14",
      "target": "430d.A.17"
    },
    {
      "LW": "B53",
      "backbone": true,
      "source": "430d.A.15",
      "target": "430d.A.16"
    },
    {
      "LW": "B35",
      "backbone": true,
      "source": "430d.A.15",
      "target": "430d.A.14"
    },
    {
      "LW": "B53",
      "backbone": true,
      "source": "430d.A.16",
      "target": "430d.A.17"
    },
    {
      "LW": "B35",
      "backbone": true,
      "source": "430d.A.16",
      "target": "430d.A.15"
    },
    {
      "LW": "B53",
      "backbone": true,
      "source": "430d.A.17",
      "target": "430d.A.18"
    },
    {
      "LW": "B35",
      "backbone": true,
      "source": "430d.A.17",
      "target": "430d.A.16"
    },
    {
      "index": 15,
      "nt1": "A.A17",
      "nt2": "A.G14",
      "bp": "A-G",
      "name": "Sheared",
      "Saenger": "11-XI",
      "LW": "tHS",
      "DSSR": "tm-M",
      "source": "430d.A.17",
      "target": "430d.A.14"
    },
    {
      "LW": "B53",
      "backbone": true,
      "source": "430d.A.18",
      "target": "430d.A.19"
    },
    {
      "LW": "B35",
      "backbone": true,
      "source": "430d.A.18",
      "target": "430d.A.17"
    },
    {
      "index": 14,
      "nt1": "A.G18",
      "nt2": "A.C13",
      "bp": "G-C",
      "name": "WC",
      "Saenger": "19-XIX",
      "LW": "cWW",
      "DSSR": "cW-W",
      "source": "430d.A.18",
      "target": "430d.A.13"
    },
    {
      "LW": "B53",
      "backbone": true,
      "source": "430d.A.19",
      "target": "430d.A.20"
    },
    {
      "LW": "B35",
      "backbone": true,
      "source": "430d.A.19",
      "target": "430d.A.18"
    },
    {
      "index": 13,
      "nt1": "A.G19",
      "nt2": "A.A12",
      "bp": "G-A",
      "name": "Sheared",
      "Saenger": "11-XI",
      "LW": "tSH",
      "DSSR": "tM-m",
      "source": "430d.A.19",
      "target": "430d.A.12"
    },
    {
      "LW": "B53",
      "backbone": true,
      "source": "430d.A.2",
      "target": "430d.A.3"
    },
    {
      "LW": "B35",
      "backbone": true,
      "source": "430d.A.2",
      "target": "430d.A.1"
    },
    {
      "index": 2,
      "nt1": "A.G2",
      "nt2": "A.C28",
      "bp": "G-C",
      "name": "WC",
      "Saenger": "19-XIX",
      "LW": "cWW",
      "DSSR": "cW-W",
      "source": "430d.A.2",
      "target": "430d.A.28"
    },
    {
      "LW": "B53",
      "backbone": true,
      "source": "430d.A.20",
      "target": "430d.A.21"
    },
    {
      "LW": "B35",
      "backbone": true,
      "source": "430d.A.20",
      "target": "430d.A.19"
    },
    {
      "index": 11,
      "nt1": "A.A20",
      "nt2": "A.U11",
      "bp": "A-U",
      "name": "rHoogsteen",
      "Saenger": "24-XXIV",
      "LW": "tHW",
      "DSSR": "tW-M",
      "source": "430d.A.20",
      "target": "430d.A.11"
    },
    {
      "LW": "B53",
      "backbone": true,
      "source": "430d.A.21",
      "target": "430d.A.22"
    },
    {
      "LW": "B35",
      "backbone": true,
      "source": "430d.A.21",
      "target": "430d.A.20"
    },
    {
      "index": 9,
      "nt1": "A.A21",
      "nt2": "A.A9",
      "bp": "A+A",
      "name": "--",
      "Saenger": "02-II",
      "LW": "tHH",
      "DSSR": "tM+M",
      "source": "430d.A.21",
      "target": "430d.A.9"
    },
    {
      "index": 12,
      "nt1": "A.A21",
      "nt2": "A.U11",
      "bp": "A-U",
      "name": "--",
      "Saenger": "--",
      "LW": "tHW",
      "DSSR": "tW-M",
      "source": "430d.A.21",
      "target": "430d.A.11"
    },
    {
      "LW": "B53",
      "backbone": true,
      "source": "430d.A.22",
      "target": "430d.A.23"
    },
    {
      "LW": "B35",
      "backbone": true,
      "source": "430d.A.22",
      "target": "430d.A.21"
    },
    {
      "LW": "B53",
      "backbone": true,
      "source": "430d.A.23",
      "target": "430d.A.24"
    },
    {
      "LW": "B35",
      "backbone": true,
      "source": "430d.A.23",
      "target": "430d.A.22"
    },
    {
      "index": 8,
      "nt1": "A.C23",
      "nt2": "A.C8",
      "bp": "C-C",
      "name": "~Sheared",
      "Saenger": "--",
      "LW": "cHS",
      "DSSR": "cm-M",
      "source": "430d.A.23",
      "target": "430d.A.8"
    },
    {
      "LW": "B53",
      "backbone": true,
      "source": "430d.A.24",
      "target": "430d.A.25"
    },
    {
      "LW": "B35",
      "backbone": true,
      "source": "430d.A.24",
      "target": "430d.A.23"
    },
    {
      "index": 6,
      "nt1": "A.G24",
      "nt2": "A.C6",
      "bp": "G-C",
      "name": "WC",
      "Saenger": "19-XIX",
      "LW": "cWW",
      "DSSR": "cW-W",
      "source": "430d.A.24",
      "target": "430d.A.6"
    },
    {
      "LW": "B53",
      "backbone": true,
      "source": "430d.A.25",
      "target": "430d.A.26"
    },
    {
      "LW": "B35",
      "backbone": true,
      "source": "430d.A.25",
      "target": "430d.A.24"
    },
    {
      "index": 5,
      "nt1": "A.C25",
      "nt2": "A.G5",
      "bp": "C-G",
      "name": "WC",
      "Saenger": "19-XIX",
      "LW": "cWW",
      "DSSR": "cW-W",
      "source": "430d.A.25",
      "target": "430d.A.5"
    },
    {
      "LW": "B53",
      "backbone": true,
      "source": "430d.A.26",
      "target": "430d.A.27"
    },
    {
      "LW": "B35",
      "backbone": true,
      "source": "430d.A.26",
      "target": "430d.A.25"
    },
    {
      "index": 4,
      "nt1": "A.A26",
      "nt2": "A.U4",
      "bp": "A-U",
      "name": "WC",
      "Saenger": "20-XX",
      "LW": "cWW",
      "DSSR": "cW-W",
      "source": "430d.A.26",
      "target": "430d.A.4"
    },
    {
      "LW": "B53",
      "backbone": true,
      "source": "430d.A.27",
      "target": "430d.A.28"
    },
    {
      "LW": "B35",
      "backbone": true,
      "source": "430d.A.27",
      "target": "430d.A.26"
    },
    {
      "index": 3,
      "nt1": "A.CBV27",
      "nt2": "A.G3",
      "bp": "c-G",
      "name": "WC",
      "Saenger": "19-XIX",
      "LW": "cWW",
      "DSSR": "cW-W",
      "source": "430d.A.27",
      "target": "430d.A.3"
    },
    {
      "LW": "B53",
      "backbone": true,
      "source": "430d.A.28",
      "target": "430d.A.29"
    },
    {
      "LW": "B35",
      "backbone": true,
      "source": "430d.A.28",
      "target": "430d.A.27"
    },
    {
      "index": 2,
      "nt1": "A.C28",
      "nt2": "A.G2",
      "bp": "C-G",
      "name": "WC",
      "Saenger": "19-XIX",
      "LW": "cWW",
      "DSSR": "cW-W",
      "source": "430d.A.28",
      "target": "430d.A.2"
    },
    {
      "LW": "B35",
      "backbone": true,
      "source": "430d.A.29",
      "target": "430d.A.28"
    },
    {
      "index": 1,
      "nt1": "A.C29",
      "nt2": "A.G1",
      "bp": "C-G",
      "name": "WC",
      "Saenger": "19-XIX",
      "LW": "cWW",
      "DSSR": "cW-W",
      "source": "430d.A.29",
      "target": "430d.A.1"
    },
    {
      "LW": "B53",
      "backbone": true,
      "source": "430d.A.3",
      "target": "430d.A.4"
    },
    {
      "LW": "B35",
      "backbone": true,
      "source": "430d.A.3",
      "target": "430d.A.2"
    },
    {
      "index": 3,
      "nt1": "A.G3",
      "nt2": "A.CBV27",
      "bp": "G-c",
      "name": "WC",
      "Saenger": "19-XIX",
      "LW": "cWW",
      "DSSR": "cW-W",
      "source": "430d.A.3",
      "target": "430d.A.27"
    },
    {
      "LW": "B53",
      "backbone": true,
      "source": "430d.A.4",
      "target": "430d.A.5"
    },
    {
      "LW": "B35",
      "backbone": true,
      "source": "430d.A.4",
      "target": "430d.A.3"
    },
    {
      "index": 4,
      "nt1": "A.U4",
      "nt2": "A.A26",
      "bp": "U-A",
      "name": "WC",
      "Saenger": "20-XX",
      "LW": "cWW",
      "DSSR": "cW-W",
      "source": "430d.A.4",
      "target": "430d.A.26"
    },
    {
      "LW": "B53",
      "backbone": true,
      "source": "430d.A.5",
      "target": "430d.A.6"
    },
    {
      "LW": "B35",
      "backbone": true,
      "source": "430d.A.5",
      "target": "430d.A.4"
    },
    {
      "index": 5,
      "nt1": "A.G5",
      "nt2": "A.C25",
      "bp": "G-C",
      "name": "WC",
      "Saenger": "19-XIX",
      "LW": "cWW",
      "DSSR": "cW-W",
      "source": "430d.A.5",
      "target": "430d.A.25"
    },
    {
      "LW": "B53",
      "backbone": true,
      "source": "430d.A.6",
      "target": "430d.A.7"
    },
    {
      "LW": "B35",
      "backbone": true,
      "source": "430d.A.6",
      "target": "430d.A.5"
    },
    {
      "index": 6,
      "nt1": "A.C6",
      "nt2": "A.G24",
      "bp": "C-G",
      "name": "WC",
      "Saenger": "19-XIX",
      "LW": "cWW",
      "DSSR": "cW-W",
      "source": "430d.A.6",
      "target": "430d.A.24"
    },
    {
      "LW": "B53",
      "backbone": true,
      "source": "430d.A.7",
      "target": "430d.A.8"
    },
    {
      "LW": "B35",
      "backbone": true,
      "source": "430d.A.7",
      "target": "430d.A.6"
    },
    {
      "LW": "B53",
      "backbone": true,
      "source": "430d.A.8",
      "target": "430d.A.9"
    },
    {
      "LW": "B35",
      "backbone": true,
      "source": "430d.A.8",
      "target": "430d.A.7"
    },
    {
      "index": 8,
      "nt1": "A.C8",
      "nt2": "A.C23",
      "bp": "C-C",
      "name": "~Sheared",
      "Saenger": "--",
      "LW": "cSH",
      "DSSR": "cm-M",
      "source": "430d.A.8",
      "target": "430d.A.23"
    },
    {
      "LW": "B53",
      "backbone": true,
      "source": "430d.A.9",
      "target": "430d.A.10"
    },
    {
      "LW": "B35",
      "backbone": true,
      "source": "430d.A.9",
      "target": "430d.A.8"
    },
    {
      "index": 9,
      "nt1": "A.A9",
      "nt2": "A.A21",
      "bp": "A+A",
      "name": "--",
      "Saenger": "02-II",
      "LW": "tHH",
      "DSSR": "tM+M",
      "source": "430d.A.9",
      "target": "430d.A.21"
    }
  ]
}